"Notes","Residence Census Region","Residence Census Region Code","Residence State","Residence State Code","Year","Year Code","MCD - ICD Sub-Chapter","MCD - ICD Sub-Chapter Code",Deaths,Population,Crude Rate,Age Adjusted Rate
,"Census Region 1: Northeast","CENS-R1","Connecticut","09","2018","2018","Other bacterial diseases","A30-A49",106,3572665,3.0,2.1
,"Census Region 1: Northeast","CENS-R1","Connecticut","09","2018","2018","Renal failure","N17-N19",107,3572665,3.0,2.1
"Total","Census Region 1: Northeast","CENS-R1","Connecticut","09","2018","2018",,,213,3572665,6.0,4.2
,"Census Region 1: Northeast","CENS-R1","Connecticut","09","2019","2019","Other bacterial diseases","A30-A49",120,3565287,3.4,2.4
,"Census Region 1: Northeast","CENS-R1","Connecticut","09","2019","2019","Renal failure","N17-N19",123,3565287,3.4,2.5
"Total","Census Region 1: Northeast","CENS-R1","Connecticut","09","2019","2019",,,243,3565287,6.8,4.9
,"Census Region 1: Northeast","CENS-R1","Connecticut","09","2020","2020","Other bacterial diseases","A30-A49",138,3557006,3.9,2.8
,"Census Region 1: Northeast","CENS-R1","Connecticut","09","2020","2020","Renal failure","N17-N19",138,3557006,3.9,2.8
"Total","Census Region 1: Northeast","CENS-R1","Connecticut","09","2020","2020",,,276,3557006,7.8,5.6
,"Census Region 1: Northeast","CENS-R1","Connecticut","09","2021","2021","Other bacterial diseases","A30-A49",194,3605597,5.4,4.0
,"Census Region 1: Northeast","CENS-R1","Connecticut","09","2021","2021","Renal failure","N17-N19",195,3605597,5.4,4.0
"Total","Census Region 1: Northeast","CENS-R1","Connecticut","09","2021","2021",,,389,3605597,10.8,8.1
,"Census Region 1: Northeast","CENS-R1","Connecticut","09","2022","2022","Other bacterial diseases","A30-A49",343,3626205,9.5,6.9
,"Census Region 1: Northeast","CENS-R1","Connecticut","09","2022","2022","Renal failure","N17-N19",348,3626205,9.6,7.0
"Total","Census Region 1: Northeast","CENS-R1","Connecticut","09","2022","2022",,,691,3626205,19.1,13.9
,"Census Region 1: Northeast","CENS-R1","Connecticut","09","2023","2023","Other bacterial diseases","A30-A49",267,3617176,7.4,5.3
,"Census Region 1: Northeast","CENS-R1","Connecticut","09","2023","2023","Renal failure","N17-N19",270,3617176,7.5,5.4
"Total","Census Region 1: Northeast","CENS-R1","Connecticut","09","2023","2023",,,537,3617176,14.8,10.7
,"Census Region 1: Northeast","CENS-R1","Connecticut","09","2024 (provisional)","2024","Other bacterial diseases","A30-A49",198,3675069,5.4,3.8
,"Census Region 1: Northeast","CENS-R1","Connecticut","09","2024 (provisional)","2024","Renal failure","N17-N19",199,3675069,5.4,3.8
"Total","Census Region 1: Northeast","CENS-R1","Connecticut","09","2024 (provisional)","2024",,,397,3675069,10.8,7.7
,"Census Region 1: Northeast","CENS-R1","Connecticut","09","2025 (provisional and partial)","2025","Other bacterial diseases","A30-A49",207,3675069,5.6,4.1
,"Census Region 1: Northeast","CENS-R1","Connecticut","09","2025 (provisional and partial)","2025","Renal failure","N17-N19",212,3675069,5.8,4.2
"Total","Census Region 1: Northeast","CENS-R1","Connecticut","09","2025 (provisional and partial)","2025",,,419,3675069,11.4,8.2
,"Census Region 1: Northeast","CENS-R1","Connecticut","09","2026 (provisional and partial)","2026","Other bacterial diseases","A30-A49",10,3675069,Unreliable,Unreliable
,"Census Region 1: Northeast","CENS-R1","Connecticut","09","2026 (provisional and partial)","2026","Renal failure","N17-N19",10,3675069,Unreliable,Unreliable
"Total","Census Region 1: Northeast","CENS-R1","Connecticut","09","2026 (provisional and partial)","2026",,,20,3675069,0.5,0.4
"Total","Census Region 1: Northeast","CENS-R1","Connecticut","09",,,,,3185,32569143,9.8,7.1
,"Census Region 1: Northeast","CENS-R1","Maine","23","2018","2018","Other bacterial diseases","A30-A49",56,1338404,4.2,2.8
,"Census Region 1: Northeast","CENS-R1","Maine","23","2018","2018","Renal failure","N17-N19",56,1338404,4.2,2.8
"Total","Census Region 1: Northeast","CENS-R1","Maine","23","2018","2018",,,112,1338404,8.4,5.5
,"Census Region 1: Northeast","CENS-R1","Maine","23","2019","2019","Other bacterial diseases","A30-A49",43,1344212,3.2,2.1
,"Census Region 1: Northeast","CENS-R1","Maine","23","2019","2019","Renal failure","N17-N19",44,1344212,3.3,2.2
"Total","Census Region 1: Northeast","CENS-R1","Maine","23","2019","2019",,,87,1344212,6.5,4.2
,"Census Region 1: Northeast","CENS-R1","Maine","23","2020","2020","Other bacterial diseases","A30-A49",38,1350141,2.8,1.8
,"Census Region 1: Northeast","CENS-R1","Maine","23","2020","2020","Renal failure","N17-N19",38,1350141,2.8,1.8
"Total","Census Region 1: Northeast","CENS-R1","Maine","23","2020","2020",,,76,1350141,5.6,3.6
,"Census Region 1: Northeast","CENS-R1","Maine","23","2021","2021","Other bacterial diseases","A30-A49",33,1372247,2.4,1.7
,"Census Region 1: Northeast","CENS-R1","Maine","23","2021","2021","Renal failure","N17-N19",34,1372247,2.5,1.8
"Total","Census Region 1: Northeast","CENS-R1","Maine","23","2021","2021",,,67,1372247,4.9,3.6
,"Census Region 1: Northeast","CENS-R1","Maine","23","2022","2022","Other bacterial diseases","A30-A49",24,1385340,1.7,1.2
,"Census Region 1: Northeast","CENS-R1","Maine","23","2022","2022","Renal failure","N17-N19",25,1385340,1.8,1.3
"Total","Census Region 1: Northeast","CENS-R1","Maine","23","2022","2022",,,49,1385340,3.5,2.5
,"Census Region 1: Northeast","CENS-R1","Maine","23","2023","2023","Other bacterial diseases","A30-A49",25,1395722,1.8,1.2
,"Census Region 1: Northeast","CENS-R1","Maine","23","2023","2023","Renal failure","N17-N19",25,1395722,1.8,1.2
"Total","Census Region 1: Northeast","CENS-R1","Maine","23","2023","2023",,,50,1395722,3.6,2.3
,"Census Region 1: Northeast","CENS-R1","Maine","23","2024 (provisional)","2024","Other bacterial diseases","A30-A49",23,1405012,1.6,1.1
,"Census Region 1: Northeast","CENS-R1","Maine","23","2024 (provisional)","2024","Renal failure","N17-N19",23,1405012,1.6,1.1
"Total","Census Region 1: Northeast","CENS-R1","Maine","23","2024 (provisional)","2024",,,46,1405012,3.3,2.3
,"Census Region 1: Northeast","CENS-R1","Maine","23","2025 (provisional and partial)","2025","Other bacterial diseases","A30-A49",18,1405012,Unreliable,Unreliable
,"Census Region 1: Northeast","CENS-R1","Maine","23","2025 (provisional and partial)","2025","Renal failure","N17-N19",18,1405012,Unreliable,Unreliable
"Total","Census Region 1: Northeast","CENS-R1","Maine","23","2025 (provisional and partial)","2025",,,36,1405012,2.6,1.6
"Total","Census Region 1: Northeast","CENS-R1","Maine","23",,,,,525,12401102,4.2,2.8
,"Census Region 1: Northeast","CENS-R1","Massachusetts","25","2018","2018","Other bacterial diseases","A30-A49",336,6902149,4.9,3.8
,"Census Region 1: Northeast","CENS-R1","Massachusetts","25","2018","2018","Renal failure","N17-N19",341,6902149,4.9,3.8
"Total","Census Region 1: Northeast","CENS-R1","Massachusetts","25","2018","2018",,,677,6902149,9.8,7.6
,"Census Region 1: Northeast","CENS-R1","Massachusetts","25","2019","2019","Other bacterial diseases","A30-A49",316,6892503,4.6,3.5
,"Census Region 1: Northeast","CENS-R1","Massachusetts","25","2019","2019","Renal failure","N17-N19",318,6892503,4.6,3.6
"Total","Census Region 1: Northeast","CENS-R1","Massachusetts","25","2019","2019",,,634,6892503,9.2,7.1
,"Census Region 1: Northeast","CENS-R1","Massachusetts","25","2020","2020","Other bacterial diseases","A30-A49",376,6893574,5.5,4.1
,"Census Region 1: Northeast","CENS-R1","Massachusetts","25","2020","2020","Renal failure","N17-N19",380,6893574,5.5,4.1
"Total","Census Region 1: Northeast","CENS-R1","Massachusetts","25","2020","2020",,,756,6893574,11.0,8.2
,"Census Region 1: Northeast","CENS-R1","Massachusetts","25","2021","2021","Other bacterial diseases","A30-A49",487,6984723,7.0,5.5
,"Census Region 1: Northeast","CENS-R1","Massachusetts","25","2021","2021","Renal failure","N17-N19",495,6984723,7.1,5.6
"Total","Census Region 1: Northeast","CENS-R1","Massachusetts","25","2021","2021",,,982,6984723,14.1,11.1
,"Census Region 1: Northeast","CENS-R1","Massachusetts","25","2022","2022","Other bacterial diseases","A30-A49",686,6981974,9.8,7.4
,"Census Region 1: Northeast","CENS-R1","Massachusetts","25","2022","2022","Renal failure","N17-N19",695,6981974,10.0,7.5
"Total","Census Region 1: Northeast","CENS-R1","Massachusetts","25","2022","2022",,,1381,6981974,19.8,14.9
,"Census Region 1: Northeast","CENS-R1","Massachusetts","25","2023","2023","Other bacterial diseases","A30-A49",657,7001399,9.4,7.0
,"Census Region 1: Northeast","CENS-R1","Massachusetts","25","2023","2023","Renal failure","N17-N19",667,7001399,9.5,7.1
"Total","Census Region 1: Northeast","CENS-R1","Massachusetts","25","2023","2023",,,1324,7001399,18.9,14.1
,"Census Region 1: Northeast","CENS-R1","Massachusetts","25","2024 (provisional)","2024","Other bacterial diseases","A30-A49",639,7136171,9.0,6.7
,"Census Region 1: Northeast","CENS-R1","Massachusetts","25","2024 (provisional)","2024","Renal failure","N17-N19",644,7136171,9.0,6.8
"Total","Census Region 1: Northeast","CENS-R1","Massachusetts","25","2024 (provisional)","2024",,,1283,7136171,18.0,13.4
,"Census Region 1: Northeast","CENS-R1","Massachusetts","25","2025 (provisional and partial)","2025","Other bacterial diseases","A30-A49",663,7136171,9.3,7.0
,"Census Region 1: Northeast","CENS-R1","Massachusetts","25","2025 (provisional and partial)","2025","Renal failure","N17-N19",678,7136171,9.5,7.1
"Total","Census Region 1: Northeast","CENS-R1","Massachusetts","25","2025 (provisional and partial)","2025",,,1341,7136171,18.8,14.1
,"Census Region 1: Northeast","CENS-R1","Massachusetts","25","2026 (provisional and partial)","2026","Other bacterial diseases","A30-A49",50,7136171,0.7,0.5
,"Census Region 1: Northeast","CENS-R1","Massachusetts","25","2026 (provisional and partial)","2026","Renal failure","N17-N19",51,7136171,0.7,0.5
"Total","Census Region 1: Northeast","CENS-R1","Massachusetts","25","2026 (provisional and partial)","2026",,,101,7136171,1.4,1.0
"Total","Census Region 1: Northeast","CENS-R1","Massachusetts","25",,,,,8479,63064835,13.4,10.2
,"Census Region 1: Northeast","CENS-R1","New Hampshire","33","2018","2018","Other bacterial diseases","A30-A49",54,1356458,4.0,2.9
,"Census Region 1: Northeast","CENS-R1","New Hampshire","33","2018","2018","Renal failure","N17-N19",56,1356458,4.1,3.1
"Total","Census Region 1: Northeast","CENS-R1","New Hampshire","33","2018","2018",,,110,1356458,8.1,6.0
,"Census Region 1: Northeast","CENS-R1","New Hampshire","33","2019","2019","Other bacterial diseases","A30-A49",60,1359711,4.4,3.2
,"Census Region 1: Northeast","CENS-R1","New Hampshire","33","2019","2019","Renal failure","N17-N19",60,1359711,4.4,3.2
"Total","Census Region 1: Northeast","CENS-R1","New Hampshire","33","2019","2019",,,120,1359711,8.8,6.5
,"Census Region 1: Northeast","CENS-R1","New Hampshire","33","2020","2020","Other bacterial diseases","A30-A49",71,1366275,5.2,3.6
,"Census Region 1: Northeast","CENS-R1","New Hampshire","33","2020","2020","Renal failure","N17-N19",71,1366275,5.2,3.6
"Total","Census Region 1: Northeast","CENS-R1","New Hampshire","33","2020","2020",,,142,1366275,10.4,7.1
,"Census Region 1: Northeast","CENS-R1","New Hampshire","33","2021","2021","Other bacterial diseases","A30-A49",77,1388992,5.5,4.0
,"Census Region 1: Northeast","CENS-R1","New Hampshire","33","2021","2021","Renal failure","N17-N19",77,1388992,5.5,4.0
"Total","Census Region 1: Northeast","CENS-R1","New Hampshire","33","2021","2021",,,154,1388992,11.1,8.0
,"Census Region 1: Northeast","CENS-R1","New Hampshire","33","2022","2022","Other bacterial diseases","A30-A49",122,1395231,8.7,6.1
,"Census Region 1: Northeast","CENS-R1","New Hampshire","33","2022","2022","Renal failure","N17-N19",125,1395231,9.0,6.3
"Total","Census Region 1: Northeast","CENS-R1","New Hampshire","33","2022","2022",,,247,1395231,17.7,12.4
,"Census Region 1: Northeast","CENS-R1","New Hampshire","33","2023","2023","Other bacterial diseases","A30-A49",119,1402054,8.5,5.8
,"Census Region 1: Northeast","CENS-R1","New Hampshire","33","2023","2023","Renal failure","N17-N19",120,1402054,8.6,5.9
"Total","Census Region 1: Northeast","CENS-R1","New Hampshire","33","2023","2023",,,239,1402054,17.0,11.7
,"Census Region 1: Northeast","CENS-R1","New Hampshire","33","2024 (provisional)","2024","Other bacterial diseases","A30-A49",121,1409032,8.6,5.8
,"Census Region 1: Northeast","CENS-R1","New Hampshire","33","2024 (provisional)","2024","Renal failure","N17-N19",122,1409032,8.7,5.9
"Total","Census Region 1: Northeast","CENS-R1","New Hampshire","33","2024 (provisional)","2024",,,243,1409032,17.2,11.7
,"Census Region 1: Northeast","CENS-R1","New Hampshire","33","2025 (provisional and partial)","2025","Other bacterial diseases","A30-A49",137,1409032,9.7,6.6
,"Census Region 1: Northeast","CENS-R1","New Hampshire","33","2025 (provisional and partial)","2025","Renal failure","N17-N19",140,1409032,9.9,6.8
"Total","Census Region 1: Northeast","CENS-R1","New Hampshire","33","2025 (provisional and partial)","2025",,,277,1409032,19.7,13.5
"Total","Census Region 1: Northeast","CENS-R1","New Hampshire","33","2026 (provisional and partial)","2026",,,16,1409032,Unreliable,Unreliable
"Total","Census Region 1: Northeast","CENS-R1","New Hampshire","33",,,,,1548,12495817,12.4,8.7
,"Census Region 1: Northeast","CENS-R1","Rhode Island","44","2018","2018","Other bacterial diseases","A30-A49",59,1057315,5.6,4.3
,"Census Region 1: Northeast","CENS-R1","Rhode Island","44","2018","2018","Renal failure","N17-N19",60,1057315,5.7,4.3
"Total","Census Region 1: Northeast","CENS-R1","Rhode Island","44","2018","2018",,,119,1057315,11.3,8.6
,"Census Region 1: Northeast","CENS-R1","Rhode Island","44","2019","2019","Other bacterial diseases","A30-A49",46,1059361,4.3,3.2
,"Census Region 1: Northeast","CENS-R1","Rhode Island","44","2019","2019","Renal failure","N17-N19",47,1059361,4.4,3.3
"Total","Census Region 1: Northeast","CENS-R1","Rhode Island","44","2019","2019",,,93,1059361,8.8,6.5
,"Census Region 1: Northeast","CENS-R1","Rhode Island","44","2020","2020","Other bacterial diseases","A30-A49",46,1057125,4.4,3.3
,"Census Region 1: Northeast","CENS-R1","Rhode Island","44","2020","2020","Renal failure","N17-N19",46,1057125,4.4,3.3
"Total","Census Region 1: Northeast","CENS-R1","Rhode Island","44","2020","2020",,,92,1057125,8.7,6.7
,"Census Region 1: Northeast","CENS-R1","Rhode Island","44","2021","2021","Other bacterial diseases","A30-A49",75,1095610,6.8,5.3
,"Census Region 1: Northeast","CENS-R1","Rhode Island","44","2021","2021","Renal failure","N17-N19",76,1095610,6.9,5.3
"Total","Census Region 1: Northeast","CENS-R1","Rhode Island","44","2021","2021",,,151,1095610,13.8,10.6
,"Census Region 1: Northeast","CENS-R1","Rhode Island","44","2022","2022","Other bacterial diseases","A30-A49",72,1093734,6.6,4.8
,"Census Region 1: Northeast","CENS-R1","Rhode Island","44","2022","2022","Renal failure","N17-N19",73,1093734,6.7,4.9
"Total","Census Region 1: Northeast","CENS-R1","Rhode Island","44","2022","2022",,,145,1093734,13.3,9.7
,"Census Region 1: Northeast","CENS-R1","Rhode Island","44","2023","2023","Other bacterial diseases","A30-A49",61,1095962,5.6,3.9
,"Census Region 1: Northeast","CENS-R1","Rhode Island","44","2023","2023","Renal failure","N17-N19",61,1095962,5.6,3.9
"Total","Census Region 1: Northeast","CENS-R1","Rhode Island","44","2023","2023",,,122,1095962,11.1,7.8
,"Census Region 1: Northeast","CENS-R1","Rhode Island","44","2024 (provisional)","2024","Other bacterial diseases","A30-A49",70,1112308,6.3,4.3
,"Census Region 1: Northeast","CENS-R1","Rhode Island","44","2024 (provisional)","2024","Renal failure","N17-N19",72,1112308,6.5,4.4
"Total","Census Region 1: Northeast","CENS-R1","Rhode Island","44","2024 (provisional)","2024",,,142,1112308,12.8,8.6
,"Census Region 1: Northeast","CENS-R1","Rhode Island","44","2025 (provisional and partial)","2025","Other bacterial diseases","A30-A49",60,1112308,5.4,4.1
,"Census Region 1: Northeast","CENS-R1","Rhode Island","44","2025 (provisional and partial)","2025","Renal failure","N17-N19",62,1112308,5.6,4.2
"Total","Census Region 1: Northeast","CENS-R1","Rhode Island","44","2025 (provisional and partial)","2025",,,122,1112308,11.0,8.2
"Total","Census Region 1: Northeast","CENS-R1","Rhode Island","44",,,,,994,9796031,10.1,7.4
,"Census Region 1: Northeast","CENS-R1","Vermont","50","2018","2018","Other bacterial diseases","A30-A49",24,626299,3.8,2.8
,"Census Region 1: Northeast","CENS-R1","Vermont","50","2018","2018","Renal failure","N17-N19",24,626299,3.8,2.8
"Total","Census Region 1: Northeast","CENS-R1","Vermont","50","2018","2018",,,48,626299,7.7,5.7
,"Census Region 1: Northeast","CENS-R1","Vermont","50","2019","2019","Other bacterial diseases","A30-A49",21,623989,3.4,2.6
,"Census Region 1: Northeast","CENS-R1","Vermont","50","2019","2019","Renal failure","N17-N19",22,623989,3.5,2.7
"Total","Census Region 1: Northeast","CENS-R1","Vermont","50","2019","2019",,,43,623989,6.9,5.3
,"Census Region 1: Northeast","CENS-R1","Vermont","50","2020","2020","Other bacterial diseases","A30-A49",31,623347,5.0,3.3
,"Census Region 1: Northeast","CENS-R1","Vermont","50","2020","2020","Renal failure","N17-N19",31,623347,5.0,3.3
"Total","Census Region 1: Northeast","CENS-R1","Vermont","50","2020","2020",,,62,623347,9.9,6.7
,"Census Region 1: Northeast","CENS-R1","Vermont","50","2021","2021","Other bacterial diseases","A30-A49",27,645570,4.2,2.9
,"Census Region 1: Northeast","CENS-R1","Vermont","50","2021","2021","Renal failure","N17-N19",27,645570,4.2,2.9
"Total","Census Region 1: Northeast","CENS-R1","Vermont","50","2021","2021",,,54,645570,8.4,5.8
,"Census Region 1: Northeast","CENS-R1","Vermont","50","2022","2022","Other bacterial diseases","A30-A49",35,647064,5.4,3.7
,"Census Region 1: Northeast","CENS-R1","Vermont","50","2022","2022","Renal failure","N17-N19",37,647064,5.7,3.9
"Total","Census Region 1: Northeast","CENS-R1","Vermont","50","2022","2022",,,72,647064,11.1,7.5
,"Census Region 1: Northeast","CENS-R1","Vermont","50","2023","2023","Other bacterial diseases","A30-A49",36,647464,5.6,3.6
,"Census Region 1: Northeast","CENS-R1","Vermont","50","2023","2023","Renal failure","N17-N19",37,647464,5.7,3.7
"Total","Census Region 1: Northeast","CENS-R1","Vermont","50","2023","2023",,,73,647464,11.3,7.4
,"Census Region 1: Northeast","CENS-R1","Vermont","50","2024 (provisional)","2024","Other bacterial diseases","A30-A49",34,648493,5.2,3.4
,"Census Region 1: Northeast","CENS-R1","Vermont","50","2024 (provisional)","2024","Renal failure","N17-N19",34,648493,5.2,3.4
"Total","Census Region 1: Northeast","CENS-R1","Vermont","50","2024 (provisional)","2024",,,68,648493,10.5,6.8
,"Census Region 1: Northeast","CENS-R1","Vermont","50","2025 (provisional and partial)","2025","Other bacterial diseases","A30-A49",25,648493,3.9,2.4
,"Census Region 1: Northeast","CENS-R1","Vermont","50","2025 (provisional and partial)","2025","Renal failure","N17-N19",25,648493,3.9,2.4
"Total","Census Region 1: Northeast","CENS-R1","Vermont","50","2025 (provisional and partial)","2025",,,50,648493,7.7,4.8
"Total","Census Region 1: Northeast","CENS-R1","Vermont","50",,,,,476,5759212,8.3,5.6
,"Census Region 1: Northeast","CENS-R1","New Jersey","34","2018","2018","Other bacterial diseases","A30-A49",515,8908520,5.8,4.6
,"Census Region 1: Northeast","CENS-R1","New Jersey","34","2018","2018","Renal failure","N17-N19",519,8908520,5.8,4.6
"Total","Census Region 1: Northeast","CENS-R1","New Jersey","34","2018","2018",,,1034,8908520,11.6,9.2
,"Census Region 1: Northeast","CENS-R1","New Jersey","34","2019","2019","Other bacterial diseases","A30-A49",477,8882190,5.4,4.2
,"Census Region 1: Northeast","CENS-R1","New Jersey","34","2019","2019","Renal failure","N17-N19",481,8882190,5.4,4.2
"Total","Census Region 1: Northeast","CENS-R1","New Jersey","34","2019","2019",,,958,8882190,10.8,8.4
,"Census Region 1: Northeast","CENS-R1","New Jersey","34","2020","2020","Other bacterial diseases","A30-A49",757,8882371,8.5,6.6
,"Census Region 1: Northeast","CENS-R1","New Jersey","34","2020","2020","Renal failure","N17-N19",762,8882371,8.6,6.6
"Total","Census Region 1: Northeast","CENS-R1","New Jersey","34","2020","2020",,,1519,8882371,17.1,13.2
,"Census Region 1: Northeast","CENS-R1","New Jersey","34","2021","2021","Other bacterial diseases","A30-A49",972,9267130,10.5,8.3
,"Census Region 1: Northeast","CENS-R1","New Jersey","34","2021","2021","Renal failure","N17-N19",977,9267130,10.5,8.3
"Total","Census Region 1: Northeast","CENS-R1","New Jersey","34","2021","2021",,,1949,9267130,21.0,16.7
,"Census Region 1: Northeast","CENS-R1","New Jersey","34","2022","2022","Other bacterial diseases","A30-A49",1154,9261699,12.5,9.5
,"Census Region 1: Northeast","CENS-R1","New Jersey","34","2022","2022","Renal failure","N17-N19",1164,9261699,12.6,9.6
"Total","Census Region 1: Northeast","CENS-R1","New Jersey","34","2022","2022",,,2318,9261699,25.0,19.2
,"Census Region 1: Northeast","CENS-R1","New Jersey","34","2023","2023","Other bacterial diseases","A30-A49",1004,9290841,10.8,8.3
,"Census Region 1: Northeast","CENS-R1","New Jersey","34","2023","2023","Renal failure","N17-N19",1009,9290841,10.9,8.4
"Total","Census Region 1: Northeast","CENS-R1","New Jersey","34","2023","2023",,,2013,9290841,21.7,16.7
,"Census Region 1: Northeast","CENS-R1","New Jersey","34","2024 (provisional)","2024","Other bacterial diseases","A30-A49",1024,9500851,10.8,8.2
,"Census Region 1: Northeast","CENS-R1","New Jersey","34","2024 (provisional)","2024","Renal failure","N17-N19",1029,9500851,10.8,8.2
"Total","Census Region 1: Northeast","CENS-R1","New Jersey","34","2024 (provisional)","2024",,,2053,9500851,21.6,16.4
,"Census Region 1: Northeast","CENS-R1","New Jersey","34","2025 (provisional and partial)","2025","Other bacterial diseases","A30-A49",1028,9500851,10.8,8.3
,"Census Region 1: Northeast","CENS-R1","New Jersey","34","2025 (provisional and partial)","2025","Renal failure","N17-N19",1037,9500851,10.9,8.4
"Total","Census Region 1: Northeast","CENS-R1","New Jersey","34","2025 (provisional and partial)","2025",,,2065,9500851,21.7,16.6
,"Census Region 1: Northeast","CENS-R1","New Jersey","34","2026 (provisional and partial)","2026","Other bacterial diseases","A30-A49",58,9500851,0.6,0.5
,"Census Region 1: Northeast","CENS-R1","New Jersey","34","2026 (provisional and partial)","2026","Renal failure","N17-N19",58,9500851,0.6,0.5
"Total","Census Region 1: Northeast","CENS-R1","New Jersey","34","2026 (provisional and partial)","2026",,,116,9500851,1.2,0.9
"Total","Census Region 1: Northeast","CENS-R1","New Jersey","34",,,,,14025,82995304,16.9,13.0
,"Census Region 1: Northeast","CENS-R1","New York","36","2018","2018","Other bacterial diseases","A30-A49",590,19542209,3.0,2.3
,"Census Region 1: Northeast","CENS-R1","New York","36","2018","2018","Renal failure","N17-N19",597,19542209,3.1,2.4
"Total","Census Region 1: Northeast","CENS-R1","New York","36","2018","2018",,,1187,19542209,6.1,4.7
,"Census Region 1: Northeast","CENS-R1","New York","36","2019","2019","Other bacterial diseases","A30-A49",562,19453561,2.9,2.2
,"Census Region 1: Northeast","CENS-R1","New York","36","2019","2019","Renal failure","N17-N19",566,19453561,2.9,2.2
"Total","Census Region 1: Northeast","CENS-R1","New York","36","2019","2019",,,1128,19453561,5.8,4.4
,"Census Region 1: Northeast","CENS-R1","New York","36","2020","2020","Other bacterial diseases","A30-A49",796,19336776,4.1,3.1
,"Census Region 1: Northeast","CENS-R1","New York","36","2020","2020","Renal failure","N17-N19",800,19336776,4.1,3.1
"Total","Census Region 1: Northeast","CENS-R1","New York","36","2020","2020",,,1596,19336776,8.3,6.2
,"Census Region 1: Northeast","CENS-R1","New York","36","2021","2021","Other bacterial diseases","A30-A49",1009,19835913,5.1,3.9
,"Census Region 1: Northeast","CENS-R1","New York","36","2021","2021","Renal failure","N17-N19",1015,19835913,5.1,3.9
"Total","Census Region 1: Northeast","CENS-R1","New York","36","2021","2021",,,2024,19835913,10.2,7.8
,"Census Region 1: Northeast","CENS-R1","New York","36","2022","2022","Other bacterial diseases","A30-A49",1254,19677151,6.4,4.7
,"Census Region 1: Northeast","CENS-R1","New York","36","2022","2022","Renal failure","N17-N19",1264,19677151,6.4,4.7
"Total","Census Region 1: Northeast","CENS-R1","New York","36","2022","2022",,,2518,19677151,12.8,9.4
,"Census Region 1: Northeast","CENS-R1","New York","36","2023","2023","Other bacterial diseases","A30-A49",1071,19571216,5.5,4.0
,"Census Region 1: Northeast","CENS-R1","New York","36","2023","2023","Renal failure","N17-N19",1088,19571216,5.6,4.1
"Total","Census Region 1: Northeast","CENS-R1","New York","36","2023","2023",,,2159,19571216,11.0,8.1
,"Census Region 1: Northeast","CENS-R1","New York","36","2024 (provisional)","2024","Other bacterial diseases","A30-A49",1117,19867248,5.6,4.0
,"Census Region 1: Northeast","CENS-R1","New York","36","2024 (provisional)","2024","Renal failure","N17-N19",1125,19867248,5.7,4.1
"Total","Census Region 1: Northeast","CENS-R1","New York","36","2024 (provisional)","2024",,,2242,19867248,11.3,8.2
,"Census Region 1: Northeast","CENS-R1","New York","36","2025 (provisional and partial)","2025","Other bacterial diseases","A30-A49",1131,19867248,5.7,4.1
,"Census Region 1: Northeast","CENS-R1","New York","36","2025 (provisional and partial)","2025","Renal failure","N17-N19",1140,19867248,5.7,4.2
"Total","Census Region 1: Northeast","CENS-R1","New York","36","2025 (provisional and partial)","2025",,,2271,19867248,11.4,8.3
,"Census Region 1: Northeast","CENS-R1","New York","36","2026 (provisional and partial)","2026","Other bacterial diseases","A30-A49",86,19867248,0.4,0.3
,"Census Region 1: Northeast","CENS-R1","New York","36","2026 (provisional and partial)","2026","Renal failure","N17-N19",88,19867248,0.4,0.3
"Total","Census Region 1: Northeast","CENS-R1","New York","36","2026 (provisional and partial)","2026",,,174,19867248,0.9,0.6
"Total","Census Region 1: Northeast","CENS-R1","New York","36",,,,,15299,177018570,8.6,6.4
,"Census Region 1: Northeast","CENS-R1","Pennsylvania","42","2018","2018","Other bacterial diseases","A30-A49",647,12807060,5.1,3.6
,"Census Region 1: Northeast","CENS-R1","Pennsylvania","42","2018","2018","Renal failure","N17-N19",652,12807060,5.1,3.7
"Total","Census Region 1: Northeast","CENS-R1","Pennsylvania","42","2018","2018",,,1299,12807060,10.1,7.3
,"Census Region 1: Northeast","CENS-R1","Pennsylvania","42","2019","2019","Other bacterial diseases","A30-A49",603,12801989,4.7,3.3
,"Census Region 1: Northeast","CENS-R1","Pennsylvania","42","2019","2019","Renal failure","N17-N19",612,12801989,4.8,3.4
"Total","Census Region 1: Northeast","CENS-R1","Pennsylvania","42","2019","2019",,,1215,12801989,9.5,6.7
,"Census Region 1: Northeast","CENS-R1","Pennsylvania","42","2020","2020","Other bacterial diseases","A30-A49",779,12783254,6.1,4.2
,"Census Region 1: Northeast","CENS-R1","Pennsylvania","42","2020","2020","Renal failure","N17-N19",785,12783254,6.1,4.3
"Total","Census Region 1: Northeast","CENS-R1","Pennsylvania","42","2020","2020",,,1564,12783254,12.2,8.5
,"Census Region 1: Northeast","CENS-R1","Pennsylvania","42","2021","2021","Other bacterial diseases","A30-A49",1419,12964056,10.9,7.9
,"Census Region 1: Northeast","CENS-R1","Pennsylvania","42","2021","2021","Renal failure","N17-N19",1426,12964056,11.0,7.9
"Total","Census Region 1: Northeast","CENS-R1","Pennsylvania","42","2021","2021",,,2845,12964056,21.9,15.9
,"Census Region 1: Northeast","CENS-R1","Pennsylvania","42","2022","2022","Other bacterial diseases","A30-A49",1737,12972008,13.4,9.3
,"Census Region 1: Northeast","CENS-R1","Pennsylvania","42","2022","2022","Renal failure","N17-N19",1743,12972008,13.4,9.4
"Total","Census Region 1: Northeast","CENS-R1","Pennsylvania","42","2022","2022",,,3480,12972008,26.8,18.7
,"Census Region 1: Northeast","CENS-R1","Pennsylvania","42","2023","2023","Other bacterial diseases","A30-A49",1712,12961683,13.2,9.2
,"Census Region 1: Northeast","CENS-R1","Pennsylvania","42","2023","2023","Renal failure","N17-N19",1734,12961683,13.4,9.4
"Total","Census Region 1: Northeast","CENS-R1","Pennsylvania","42","2023","2023",,,3446,12961683,26.6,18.6
,"Census Region 1: Northeast","CENS-R1","Pennsylvania","42","2024 (provisional)","2024","Other bacterial diseases","A30-A49",1666,13078751,12.7,8.9
,"Census Region 1: Northeast","CENS-R1","Pennsylvania","42","2024 (provisional)","2024","Renal failure","N17-N19",1682,13078751,12.9,9.0
"Total","Census Region 1: Northeast","CENS-R1","Pennsylvania","42","2024 (provisional)","2024",,,3348,13078751,25.6,18.0
,"Census Region 1: Northeast","CENS-R1","Pennsylvania","42","2025 (provisional and partial)","2025","Other bacterial diseases","A30-A49",1677,13078751,12.8,8.9
,"Census Region 1: Northeast","CENS-R1","Pennsylvania","42","2025 (provisional and partial)","2025","Renal failure","N17-N19",1696,13078751,13.0,9.0
"Total","Census Region 1: Northeast","CENS-R1","Pennsylvania","42","2025 (provisional and partial)","2025",,,3373,13078751,25.8,17.8
,"Census Region 1: Northeast","CENS-R1","Pennsylvania","42","2026 (provisional and partial)","2026","Other bacterial diseases","A30-A49",86,13078751,0.7,0.4
,"Census Region 1: Northeast","CENS-R1","Pennsylvania","42","2026 (provisional and partial)","2026","Renal failure","N17-N19",87,13078751,0.7,0.5
"Total","Census Region 1: Northeast","CENS-R1","Pennsylvania","42","2026 (provisional and partial)","2026",,,173,13078751,1.3,0.9
"Total","Census Region 1: Northeast","CENS-R1","Pennsylvania","42",,,,,20743,116526303,17.8,12.5
"Total","Census Region 1: Northeast","CENS-R1",,,,,,,65274,512626317,12.7,9.3
,"Census Region 2: Midwest","CENS-R2","Illinois","17","2018","2018","Other bacterial diseases","A30-A49",539,12741080,4.2,3.5
,"Census Region 2: Midwest","CENS-R2","Illinois","17","2018","2018","Renal failure","N17-N19",541,12741080,4.2,3.5
"Total","Census Region 2: Midwest","CENS-R2","Illinois","17","2018","2018",,,1080,12741080,8.5,7.0
,"Census Region 2: Midwest","CENS-R2","Illinois","17","2019","2019","Other bacterial diseases","A30-A49",496,12671821,3.9,3.2
,"Census Region 2: Midwest","CENS-R2","Illinois","17","2019","2019","Renal failure","N17-N19",498,12671821,3.9,3.2
"Total","Census Region 2: Midwest","CENS-R2","Illinois","17","2019","2019",,,994,12671821,7.8,6.3
,"Census Region 2: Midwest","CENS-R2","Illinois","17","2020","2020","Other bacterial diseases","A30-A49",604,12587530,4.8,3.8
,"Census Region 2: Midwest","CENS-R2","Illinois","17","2020","2020","Renal failure","N17-N19",612,12587530,4.9,3.9
"Total","Census Region 2: Midwest","CENS-R2","Illinois","17","2020","2020",,,1216,12587530,9.7,7.6
,"Census Region 2: Midwest","CENS-R2","Illinois","17","2021","2021","Other bacterial diseases","A30-A49",754,12671469,6.0,4.9
,"Census Region 2: Midwest","CENS-R2","Illinois","17","2021","2021","Renal failure","N17-N19",758,12671469,6.0,4.9
"Total","Census Region 2: Midwest","CENS-R2","Illinois","17","2021","2021",,,1512,12671469,11.9,9.8
,"Census Region 2: Midwest","CENS-R2","Illinois","17","2022","2022","Other bacterial diseases","A30-A49",1029,12582032,8.2,6.4
,"Census Region 2: Midwest","CENS-R2","Illinois","17","2022","2022","Renal failure","N17-N19",1038,12582032,8.2,6.5
"Total","Census Region 2: Midwest","CENS-R2","Illinois","17","2022","2022",,,2067,12582032,16.4,12.9
,"Census Region 2: Midwest","CENS-R2","Illinois","17","2023","2023","Other bacterial diseases","A30-A49",929,12549689,7.4,5.8
,"Census Region 2: Midwest","CENS-R2","Illinois","17","2023","2023","Renal failure","N17-N19",936,12549689,7.5,5.8
"Total","Census Region 2: Midwest","CENS-R2","Illinois","17","2023","2023",,,1865,12549689,14.9,11.6
,"Census Region 2: Midwest","CENS-R2","Illinois","17","2024 (provisional)","2024","Other bacterial diseases","A30-A49",860,12710158,6.8,5.2
,"Census Region 2: Midwest","CENS-R2","Illinois","17","2024 (provisional)","2024","Renal failure","N17-N19",871,12710158,6.9,5.3
"Total","Census Region 2: Midwest","CENS-R2","Illinois","17","2024 (provisional)","2024",,,1731,12710158,13.6,10.5
,"Census Region 2: Midwest","CENS-R2","Illinois","17","2025 (provisional and partial)","2025","Other bacterial diseases","A30-A49",859,12710158,6.8,5.2
,"Census Region 2: Midwest","CENS-R2","Illinois","17","2025 (provisional and partial)","2025","Renal failure","N17-N19",869,12710158,6.8,5.3
"Total","Census Region 2: Midwest","CENS-R2","Illinois","17","2025 (provisional and partial)","2025",,,1728,12710158,13.6,10.5
,"Census Region 2: Midwest","CENS-R2","Illinois","17","2026 (provisional and partial)","2026","Other bacterial diseases","A30-A49",53,12710158,0.4,0.3
,"Census Region 2: Midwest","CENS-R2","Illinois","17","2026 (provisional and partial)","2026","Renal failure","N17-N19",54,12710158,0.4,0.3
"Total","Census Region 2: Midwest","CENS-R2","Illinois","17","2026 (provisional and partial)","2026",,,107,12710158,0.8,0.7
"Total","Census Region 2: Midwest","CENS-R2","Illinois","17",,,,,12300,113934095,10.8,8.5
,"Census Region 2: Midwest","CENS-R2","Indiana","18","2018","2018","Other bacterial diseases","A30-A49",562,6691878,8.4,7.1
,"Census Region 2: Midwest","CENS-R2","Indiana","18","2018","2018","Renal failure","N17-N19",574,6691878,8.6,7.2
"Total","Census Region 2: Midwest","CENS-R2","Indiana","18","2018","2018",,,1136,6691878,17.0,14.3
,"Census Region 2: Midwest","CENS-R2","Indiana","18","2019","2019","Other bacterial diseases","A30-A49",561,6732219,8.3,7.0
,"Census Region 2: Midwest","CENS-R2","Indiana","18","2019","2019","Renal failure","N17-N19",570,6732219,8.5,7.1
"Total","Census Region 2: Midwest","CENS-R2","Indiana","18","2019","2019",,,1131,6732219,16.8,14.0
,"Census Region 2: Midwest","CENS-R2","Indiana","18","2020","2020","Other bacterial diseases","A30-A49",678,6754953,10.0,8.3
,"Census Region 2: Midwest","CENS-R2","Indiana","18","2020","2020","Renal failure","N17-N19",694,6754953,10.3,8.4
"Total","Census Region 2: Midwest","CENS-R2","Indiana","18","2020","2020",,,1372,6754953,20.3,16.7
,"Census Region 2: Midwest","CENS-R2","Indiana","18","2021","2021","Other bacterial diseases","A30-A49",932,6805985,13.7,11.3
,"Census Region 2: Midwest","CENS-R2","Indiana","18","2021","2021","Renal failure","N17-N19",939,6805985,13.8,11.4
"Total","Census Region 2: Midwest","CENS-R2","Indiana","18","2021","2021",,,1871,6805985,27.5,22.8
,"Census Region 2: Midwest","CENS-R2","Indiana","18","2022","2022","Other bacterial diseases","A30-A49",918,6833037,13.4,10.9
,"Census Region 2: Midwest","CENS-R2","Indiana","18","2022","2022","Renal failure","N17-N19",924,6833037,13.5,10.9
"Total","Census Region 2: Midwest","CENS-R2","Indiana","18","2022","2022",,,1842,6833037,27.0,21.8
,"Census Region 2: Midwest","CENS-R2","Indiana","18","2023","2023","Other bacterial diseases","A30-A49",742,6862199,10.8,8.8
,"Census Region 2: Midwest","CENS-R2","Indiana","18","2023","2023","Renal failure","N17-N19",752,6862199,11.0,8.9
"Total","Census Region 2: Midwest","CENS-R2","Indiana","18","2023","2023",,,1494,6862199,21.8,17.7
,"Census Region 2: Midwest","CENS-R2","Indiana","18","2024 (provisional)","2024","Other bacterial diseases","A30-A49",710,6924275,10.3,8.2
,"Census Region 2: Midwest","CENS-R2","Indiana","18","2024 (provisional)","2024","Renal failure","N17-N19",720,6924275,10.4,8.3
"Total","Census Region 2: Midwest","CENS-R2","Indiana","18","2024 (provisional)","2024",,,1430,6924275,20.7,16.5
,"Census Region 2: Midwest","CENS-R2","Indiana","18","2025 (provisional and partial)","2025","Other bacterial diseases","A30-A49",709,6924275,10.2,8.1
,"Census Region 2: Midwest","CENS-R2","Indiana","18","2025 (provisional and partial)","2025","Renal failure","N17-N19",713,6924275,10.3,8.1
"Total","Census Region 2: Midwest","CENS-R2","Indiana","18","2025 (provisional and partial)","2025",,,1422,6924275,20.5,16.3
,"Census Region 2: Midwest","CENS-R2","Indiana","18","2026 (provisional and partial)","2026","Other bacterial diseases","A30-A49",36,6924275,0.5,0.4
,"Census Region 2: Midwest","CENS-R2","Indiana","18","2026 (provisional and partial)","2026","Renal failure","N17-N19",36,6924275,0.5,0.4
"Total","Census Region 2: Midwest","CENS-R2","Indiana","18","2026 (provisional and partial)","2026",,,72,6924275,1.0,0.8
"Total","Census Region 2: Midwest","CENS-R2","Indiana","18",,,,,11770,61453096,19.2,15.6
,"Census Region 2: Midwest","CENS-R2","Michigan","26","2018","2018","Other bacterial diseases","A30-A49",395,9995915,4.0,3.1
,"Census Region 2: Midwest","CENS-R2","Michigan","26","2018","2018","Renal failure","N17-N19",398,9995915,4.0,3.1
"Total","Census Region 2: Midwest","CENS-R2","Michigan","26","2018","2018",,,793,9995915,7.9,6.2
,"Census Region 2: Midwest","CENS-R2","Michigan","26","2019","2019","Other bacterial diseases","A30-A49",421,9986857,4.2,3.2
,"Census Region 2: Midwest","CENS-R2","Michigan","26","2019","2019","Renal failure","N17-N19",423,9986857,4.2,3.3
"Total","Census Region 2: Midwest","CENS-R2","Michigan","26","2019","2019",,,844,9986857,8.5,6.5
,"Census Region 2: Midwest","CENS-R2","Michigan","26","2020","2020","Other bacterial diseases","A30-A49",607,9966555,6.1,4.6
,"Census Region 2: Midwest","CENS-R2","Michigan","26","2020","2020","Renal failure","N17-N19",613,9966555,6.2,4.6
"Total","Census Region 2: Midwest","CENS-R2","Michigan","26","2020","2020",,,1220,9966555,12.2,9.3
,"Census Region 2: Midwest","CENS-R2","Michigan","26","2021","2021","Other bacterial diseases","A30-A49",913,10050811,9.1,7.1
,"Census Region 2: Midwest","CENS-R2","Michigan","26","2021","2021","Renal failure","N17-N19",920,10050811,9.2,7.1
"Total","Census Region 2: Midwest","CENS-R2","Michigan","26","2021","2021",,,1833,10050811,18.2,14.2
,"Census Region 2: Midwest","CENS-R2","Michigan","26","2022","2022","Other bacterial diseases","A30-A49",991,10034113,9.9,7.4
,"Census Region 2: Midwest","CENS-R2","Michigan","26","2022","2022","Renal failure","N17-N19",1004,10034113,10.0,7.5
"Total","Census Region 2: Midwest","CENS-R2","Michigan","26","2022","2022",,,1995,10034113,19.9,15.0
,"Census Region 2: Midwest","CENS-R2","Michigan","26","2023","2023","Other bacterial diseases","A30-A49",1004,10037261,10.0,7.5
,"Census Region 2: Midwest","CENS-R2","Michigan","26","2023","2023","Renal failure","N17-N19",1017,10037261,10.1,7.6
"Total","Census Region 2: Midwest","CENS-R2","Michigan","26","2023","2023",,,2021,10037261,20.1,15.1
,"Census Region 2: Midwest","CENS-R2","Michigan","26","2024 (provisional)","2024","Other bacterial diseases","A30-A49",943,10140459,9.3,6.9
,"Census Region 2: Midwest","CENS-R2","Michigan","26","2024 (provisional)","2024","Renal failure","N17-N19",958,10140459,9.4,7.0
"Total","Census Region 2: Midwest","CENS-R2","Michigan","26","2024 (provisional)","2024",,,1901,10140459,18.7,13.9
,"Census Region 2: Midwest","CENS-R2","Michigan","26","2025 (provisional and partial)","2025","Other bacterial diseases","A30-A49",1011,10140459,10.0,7.4
,"Census Region 2: Midwest","CENS-R2","Michigan","26","2025 (provisional and partial)","2025","Renal failure","N17-N19",1032,10140459,10.2,7.6
"Total","Census Region 2: Midwest","CENS-R2","Michigan","26","2025 (provisional and partial)","2025",,,2043,10140459,20.1,14.9
,"Census Region 2: Midwest","CENS-R2","Michigan","26","2026 (provisional and partial)","2026","Other bacterial diseases","A30-A49",68,10140459,0.7,0.5
,"Census Region 2: Midwest","CENS-R2","Michigan","26","2026 (provisional and partial)","2026","Renal failure","N17-N19",68,10140459,0.7,0.5
"Total","Census Region 2: Midwest","CENS-R2","Michigan","26","2026 (provisional and partial)","2026",,,136,10140459,1.3,1.0
"Total","Census Region 2: Midwest","CENS-R2","Michigan","26",,,,,12786,90492889,14.1,10.7
,"Census Region 2: Midwest","CENS-R2","Ohio","39","2018","2018","Other bacterial diseases","A30-A49",490,11689442,4.2,3.2
,"Census Region 2: Midwest","CENS-R2","Ohio","39","2018","2018","Renal failure","N17-N19",493,11689442,4.2,3.3
"Total","Census Region 2: Midwest","CENS-R2","Ohio","39","2018","2018",,,983,11689442,8.4,6.5
,"Census Region 2: Midwest","CENS-R2","Ohio","39","2019","2019","Other bacterial diseases","A30-A49",516,11689100,4.4,3.4
,"Census Region 2: Midwest","CENS-R2","Ohio","39","2019","2019","Renal failure","N17-N19",521,11689100,4.5,3.5
"Total","Census Region 2: Midwest","CENS-R2","Ohio","39","2019","2019",,,1037,11689100,8.9,6.8
,"Census Region 2: Midwest","CENS-R2","Ohio","39","2020","2020","Other bacterial diseases","A30-A49",634,11693217,5.4,4.2
,"Census Region 2: Midwest","CENS-R2","Ohio","39","2020","2020","Renal failure","N17-N19",642,11693217,5.5,4.2
"Total","Census Region 2: Midwest","CENS-R2","Ohio","39","2020","2020",,,1276,11693217,10.9,8.3
,"Census Region 2: Midwest","CENS-R2","Ohio","39","2021","2021","Other bacterial diseases","A30-A49",1043,11780017,8.9,7.0
,"Census Region 2: Midwest","CENS-R2","Ohio","39","2021","2021","Renal failure","N17-N19",1051,11780017,8.9,7.0
"Total","Census Region 2: Midwest","CENS-R2","Ohio","39","2021","2021",,,2094,11780017,17.8,14.0
,"Census Region 2: Midwest","CENS-R2","Ohio","39","2022","2022","Other bacterial diseases","A30-A49",1348,11756058,11.5,8.7
,"Census Region 2: Midwest","CENS-R2","Ohio","39","2022","2022","Renal failure","N17-N19",1363,11756058,11.6,8.8
"Total","Census Region 2: Midwest","CENS-R2","Ohio","39","2022","2022",,,2711,11756058,23.1,17.6
,"Census Region 2: Midwest","CENS-R2","Ohio","39","2023","2023","Other bacterial diseases","A30-A49",1188,11785935,10.1,7.6
,"Census Region 2: Midwest","CENS-R2","Ohio","39","2023","2023","Renal failure","N17-N19",1195,11785935,10.1,7.7
"Total","Census Region 2: Midwest","CENS-R2","Ohio","39","2023","2023",,,2383,11785935,20.2,15.3
,"Census Region 2: Midwest","CENS-R2","Ohio","39","2024 (provisional)","2024","Other bacterial diseases","A30-A49",1213,11883304,10.2,7.7
,"Census Region 2: Midwest","CENS-R2","Ohio","39","2024 (provisional)","2024","Renal failure","N17-N19",1221,11883304,10.3,7.7
"Total","Census Region 2: Midwest","CENS-R2","Ohio","39","2024 (provisional)","2024",,,2434,11883304,20.5,15.4
,"Census Region 2: Midwest","CENS-R2","Ohio","39","2025 (provisional and partial)","2025","Other bacterial diseases","A30-A49",1384,11883304,11.6,8.7
,"Census Region 2: Midwest","CENS-R2","Ohio","39","2025 (provisional and partial)","2025","Renal failure","N17-N19",1397,11883304,11.8,8.7
"Total","Census Region 2: Midwest","CENS-R2","Ohio","39","2025 (provisional and partial)","2025",,,2781,11883304,23.4,17.4
,"Census Region 2: Midwest","CENS-R2","Ohio","39","2026 (provisional and partial)","2026","Other bacterial diseases","A30-A49",65,11883304,0.5,0.4
,"Census Region 2: Midwest","CENS-R2","Ohio","39","2026 (provisional and partial)","2026","Renal failure","N17-N19",65,11883304,0.5,0.4
"Total","Census Region 2: Midwest","CENS-R2","Ohio","39","2026 (provisional and partial)","2026",,,130,11883304,1.1,0.8
"Total","Census Region 2: Midwest","CENS-R2","Ohio","39",,,,,15829,106043681,14.9,11.4
,"Census Region 2: Midwest","CENS-R2","Wisconsin","55","2018","2018","Other bacterial diseases","A30-A49",313,5813568,5.4,4.2
,"Census Region 2: Midwest","CENS-R2","Wisconsin","55","2018","2018","Renal failure","N17-N19",316,5813568,5.4,4.2
"Total","Census Region 2: Midwest","CENS-R2","Wisconsin","55","2018","2018",,,629,5813568,10.8,8.4
,"Census Region 2: Midwest","CENS-R2","Wisconsin","55","2019","2019","Other bacterial diseases","A30-A49",335,5822434,5.8,4.4
,"Census Region 2: Midwest","CENS-R2","Wisconsin","55","2019","2019","Renal failure","N17-N19",338,5822434,5.8,4.4
"Total","Census Region 2: Midwest","CENS-R2","Wisconsin","55","2019","2019",,,673,5822434,11.6,8.9
,"Census Region 2: Midwest","CENS-R2","Wisconsin","55","2020","2020","Other bacterial diseases","A30-A49",390,5832655,6.7,5.1
,"Census Region 2: Midwest","CENS-R2","Wisconsin","55","2020","2020","Renal failure","N17-N19",400,5832655,6.9,5.2
"Total","Census Region 2: Midwest","CENS-R2","Wisconsin","55","2020","2020",,,790,5832655,13.5,10.2
,"Census Region 2: Midwest","CENS-R2","Wisconsin","55","2021","2021","Other bacterial diseases","A30-A49",539,5895908,9.1,7.3
,"Census Region 2: Midwest","CENS-R2","Wisconsin","55","2021","2021","Renal failure","N17-N19",548,5895908,9.3,7.4
"Total","Census Region 2: Midwest","CENS-R2","Wisconsin","55","2021","2021",,,1087,5895908,18.4,14.8
,"Census Region 2: Midwest","CENS-R2","Wisconsin","55","2022","2022","Other bacterial diseases","A30-A49",701,5892539,11.9,8.9
,"Census Region 2: Midwest","CENS-R2","Wisconsin","55","2022","2022","Renal failure","N17-N19",715,5892539,12.1,9.1
"Total","Census Region 2: Midwest","CENS-R2","Wisconsin","55","2022","2022",,,1416,5892539,24.0,18.0
,"Census Region 2: Midwest","CENS-R2","Wisconsin","55","2023","2023","Other bacterial diseases","A30-A49",657,5910955,11.1,8.3
,"Census Region 2: Midwest","CENS-R2","Wisconsin","55","2023","2023","Renal failure","N17-N19",670,5910955,11.3,8.4
"Total","Census Region 2: Midwest","CENS-R2","Wisconsin","55","2023","2023",,,1327,5910955,22.4,16.7
,"Census Region 2: Midwest","CENS-R2","Wisconsin","55","2024 (provisional)","2024","Other bacterial diseases","A30-A49",620,5960975,10.4,7.5
,"Census Region 2: Midwest","CENS-R2","Wisconsin","55","2024 (provisional)","2024","Renal failure","N17-N19",629,5960975,10.6,7.6
"Total","Census Region 2: Midwest","CENS-R2","Wisconsin","55","2024 (provisional)","2024",,,1249,5960975,21.0,15.2
,"Census Region 2: Midwest","CENS-R2","Wisconsin","55","2025 (provisional and partial)","2025","Other bacterial diseases","A30-A49",669,5960975,11.2,8.3
,"Census Region 2: Midwest","CENS-R2","Wisconsin","55","2025 (provisional and partial)","2025","Renal failure","N17-N19",674,5960975,11.3,8.3
"Total","Census Region 2: Midwest","CENS-R2","Wisconsin","55","2025 (provisional and partial)","2025",,,1343,5960975,22.5,16.6
,"Census Region 2: Midwest","CENS-R2","Wisconsin","55","2026 (provisional and partial)","2026","Other bacterial diseases","A30-A49",27,5960975,0.5,0.3
,"Census Region 2: Midwest","CENS-R2","Wisconsin","55","2026 (provisional and partial)","2026","Renal failure","N17-N19",27,5960975,0.5,0.3
"Total","Census Region 2: Midwest","CENS-R2","Wisconsin","55","2026 (provisional and partial)","2026",,,54,5960975,0.9,0.7
"Total","Census Region 2: Midwest","CENS-R2","Wisconsin","55",,,,,8568,53050984,16.2,12.1
,"Census Region 2: Midwest","CENS-R2","Iowa","19","2018","2018","Other bacterial diseases","A30-A49",162,3156145,5.1,3.9
,"Census Region 2: Midwest","CENS-R2","Iowa","19","2018","2018","Renal failure","N17-N19",162,3156145,5.1,3.9
"Total","Census Region 2: Midwest","CENS-R2","Iowa","19","2018","2018",,,324,3156145,10.3,7.8
,"Census Region 2: Midwest","CENS-R2","Iowa","19","2019","2019","Other bacterial diseases","A30-A49",169,3155070,5.4,4.0
,"Census Region 2: Midwest","CENS-R2","Iowa","19","2019","2019","Renal failure","N17-N19",171,3155070,5.4,4.1
"Total","Census Region 2: Midwest","CENS-R2","Iowa","19","2019","2019",,,340,3155070,10.8,8.1
,"Census Region 2: Midwest","CENS-R2","Iowa","19","2020","2020","Other bacterial diseases","A30-A49",239,3163561,7.6,5.7
,"Census Region 2: Midwest","CENS-R2","Iowa","19","2020","2020","Renal failure","N17-N19",240,3163561,7.6,5.7
"Total","Census Region 2: Midwest","CENS-R2","Iowa","19","2020","2020",,,479,3163561,15.1,11.4
,"Census Region 2: Midwest","CENS-R2","Iowa","19","2021","2021","Other bacterial diseases","A30-A49",271,3193079,8.5,6.7
,"Census Region 2: Midwest","CENS-R2","Iowa","19","2021","2021","Renal failure","N17-N19",276,3193079,8.6,6.8
"Total","Census Region 2: Midwest","CENS-R2","Iowa","19","2021","2021",,,547,3193079,17.1,13.5
,"Census Region 2: Midwest","CENS-R2","Iowa","19","2022","2022","Other bacterial diseases","A30-A49",385,3200517,12.0,9.2
,"Census Region 2: Midwest","CENS-R2","Iowa","19","2022","2022","Renal failure","N17-N19",392,3200517,12.2,9.4
"Total","Census Region 2: Midwest","CENS-R2","Iowa","19","2022","2022",,,777,3200517,24.3,18.6
,"Census Region 2: Midwest","CENS-R2","Iowa","19","2023","2023","Other bacterial diseases","A30-A49",328,3207004,10.2,7.7
,"Census Region 2: Midwest","CENS-R2","Iowa","19","2023","2023","Renal failure","N17-N19",332,3207004,10.4,7.8
"Total","Census Region 2: Midwest","CENS-R2","Iowa","19","2023","2023",,,660,3207004,20.6,15.5
,"Census Region 2: Midwest","CENS-R2","Iowa","19","2024 (provisional)","2024","Other bacterial diseases","A30-A49",311,3241488,9.6,7.1
,"Census Region 2: Midwest","CENS-R2","Iowa","19","2024 (provisional)","2024","Renal failure","N17-N19",316,3241488,9.7,7.2
"Total","Census Region 2: Midwest","CENS-R2","Iowa","19","2024 (provisional)","2024",,,627,3241488,19.3,14.3
,"Census Region 2: Midwest","CENS-R2","Iowa","19","2025 (provisional and partial)","2025","Other bacterial diseases","A30-A49",315,3241488,9.7,7.1
,"Census Region 2: Midwest","CENS-R2","Iowa","19","2025 (provisional and partial)","2025","Renal failure","N17-N19",318,3241488,9.8,7.2
"Total","Census Region 2: Midwest","CENS-R2","Iowa","19","2025 (provisional and partial)","2025",,,633,3241488,19.5,14.3
,"Census Region 2: Midwest","CENS-R2","Iowa","19","2026 (provisional and partial)","2026","Other bacterial diseases","A30-A49",18,3241488,Unreliable,Unreliable
,"Census Region 2: Midwest","CENS-R2","Iowa","19","2026 (provisional and partial)","2026","Renal failure","N17-N19",18,3241488,Unreliable,Unreliable
"Total","Census Region 2: Midwest","CENS-R2","Iowa","19","2026 (provisional and partial)","2026",,,36,3241488,1.1,0.8
"Total","Census Region 2: Midwest","CENS-R2","Iowa","19",,,,,4423,28799840,15.4,11.6
,"Census Region 2: Midwest","CENS-R2","Kansas","20","2018","2018","Other bacterial diseases","A30-A49",192,2911505,6.6,5.4
,"Census Region 2: Midwest","CENS-R2","Kansas","20","2018","2018","Renal failure","N17-N19",191,2911505,6.6,5.4
"Total","Census Region 2: Midwest","CENS-R2","Kansas","20","2018","2018",,,383,2911505,13.2,10.8
,"Census Region 2: Midwest","CENS-R2","Kansas","20","2019","2019","Other bacterial diseases","A30-A49",182,2913314,6.2,5.0
,"Census Region 2: Midwest","CENS-R2","Kansas","20","2019","2019","Renal failure","N17-N19",185,2913314,6.4,5.1
"Total","Census Region 2: Midwest","CENS-R2","Kansas","20","2019","2019",,,367,2913314,12.6,10.1
,"Census Region 2: Midwest","CENS-R2","Kansas","20","2020","2020","Other bacterial diseases","A30-A49",201,2913805,6.9,5.5
,"Census Region 2: Midwest","CENS-R2","Kansas","20","2020","2020","Renal failure","N17-N19",206,2913805,7.1,5.6
"Total","Census Region 2: Midwest","CENS-R2","Kansas","20","2020","2020",,,407,2913805,14.0,11.2
,"Census Region 2: Midwest","CENS-R2","Kansas","20","2021","2021","Other bacterial diseases","A30-A49",298,2934582,10.2,8.3
,"Census Region 2: Midwest","CENS-R2","Kansas","20","2021","2021","Renal failure","N17-N19",301,2934582,10.3,8.4
"Total","Census Region 2: Midwest","CENS-R2","Kansas","20","2021","2021",,,599,2934582,20.4,16.6
,"Census Region 2: Midwest","CENS-R2","Kansas","20","2022","2022","Other bacterial diseases","A30-A49",382,2937150,13.0,10.3
,"Census Region 2: Midwest","CENS-R2","Kansas","20","2022","2022","Renal failure","N17-N19",389,2937150,13.2,10.5
"Total","Census Region 2: Midwest","CENS-R2","Kansas","20","2022","2022",,,771,2937150,26.2,20.8
,"Census Region 2: Midwest","CENS-R2","Kansas","20","2023","2023","Other bacterial diseases","A30-A49",308,2940546,10.5,8.5
,"Census Region 2: Midwest","CENS-R2","Kansas","20","2023","2023","Renal failure","N17-N19",308,2940546,10.5,8.5
"Total","Census Region 2: Midwest","CENS-R2","Kansas","20","2023","2023",,,616,2940546,20.9,17.1
,"Census Region 2: Midwest","CENS-R2","Kansas","20","2024 (provisional)","2024","Other bacterial diseases","A30-A49",302,2970606,10.2,8.0
,"Census Region 2: Midwest","CENS-R2","Kansas","20","2024 (provisional)","2024","Renal failure","N17-N19",308,2970606,10.4,8.2
"Total","Census Region 2: Midwest","CENS-R2","Kansas","20","2024 (provisional)","2024",,,610,2970606,20.5,16.2
,"Census Region 2: Midwest","CENS-R2","Kansas","20","2025 (provisional and partial)","2025","Other bacterial diseases","A30-A49",337,2970606,11.3,9.0
,"Census Region 2: Midwest","CENS-R2","Kansas","20","2025 (provisional and partial)","2025","Renal failure","N17-N19",339,2970606,11.4,9.1
"Total","Census Region 2: Midwest","CENS-R2","Kansas","20","2025 (provisional and partial)","2025",,,676,2970606,22.8,18.2
,"Census Region 2: Midwest","CENS-R2","Kansas","20","2026 (provisional and partial)","2026","Other bacterial diseases","A30-A49",22,2970606,0.7,0.6
,"Census Region 2: Midwest","CENS-R2","Kansas","20","2026 (provisional and partial)","2026","Renal failure","N17-N19",22,2970606,0.7,0.6
"Total","Census Region 2: Midwest","CENS-R2","Kansas","20","2026 (provisional and partial)","2026",,,44,2970606,1.5,1.1
"Total","Census Region 2: Midwest","CENS-R2","Kansas","20",,,,,4473,26462720,16.9,13.6
,"Census Region 2: Midwest","CENS-R2","Minnesota","27","2018","2018","Other bacterial diseases","A30-A49",240,5611179,4.3,3.5
,"Census Region 2: Midwest","CENS-R2","Minnesota","27","2018","2018","Renal failure","N17-N19",247,5611179,4.4,3.6
"Total","Census Region 2: Midwest","CENS-R2","Minnesota","27","2018","2018",,,487,5611179,8.7,7.1
,"Census Region 2: Midwest","CENS-R2","Minnesota","27","2019","2019","Other bacterial diseases","A30-A49",251,5639632,4.5,3.6
,"Census Region 2: Midwest","CENS-R2","Minnesota","27","2019","2019","Renal failure","N17-N19",257,5639632,4.6,3.7
"Total","Census Region 2: Midwest","CENS-R2","Minnesota","27","2019","2019",,,508,5639632,9.0,7.4
,"Census Region 2: Midwest","CENS-R2","Minnesota","27","2020","2020","Other bacterial diseases","A30-A49",325,5657342,5.7,4.6
,"Census Region 2: Midwest","CENS-R2","Minnesota","27","2020","2020","Renal failure","N17-N19",329,5657342,5.8,4.7
"Total","Census Region 2: Midwest","CENS-R2","Minnesota","27","2020","2020",,,654,5657342,11.6,9.3
,"Census Region 2: Midwest","CENS-R2","Minnesota","27","2021","2021","Other bacterial diseases","A30-A49",499,5707390,8.7,7.1
,"Census Region 2: Midwest","CENS-R2","Minnesota","27","2021","2021","Renal failure","N17-N19",511,5707390,9.0,7.3
"Total","Census Region 2: Midwest","CENS-R2","Minnesota","27","2021","2021",,,1010,5707390,17.7,14.4
,"Census Region 2: Midwest","CENS-R2","Minnesota","27","2022","2022","Other bacterial diseases","A30-A49",602,5717184,10.5,8.2
,"Census Region 2: Midwest","CENS-R2","Minnesota","27","2022","2022","Renal failure","N17-N19",622,5717184,10.9,8.5
"Total","Census Region 2: Midwest","CENS-R2","Minnesota","27","2022","2022",,,1224,5717184,21.4,16.8
,"Census Region 2: Midwest","CENS-R2","Minnesota","27","2023","2023","Other bacterial diseases","A30-A49",591,5737915,10.3,8.1
,"Census Region 2: Midwest","CENS-R2","Minnesota","27","2023","2023","Renal failure","N17-N19",617,5737915,10.8,8.5
"Total","Census Region 2: Midwest","CENS-R2","Minnesota","27","2023","2023",,,1208,5737915,21.1,16.6
,"Census Region 2: Midwest","CENS-R2","Minnesota","27","2024 (provisional)","2024","Other bacterial diseases","A30-A49",545,5793151,9.4,7.1
,"Census Region 2: Midwest","CENS-R2","Minnesota","27","2024 (provisional)","2024","Renal failure","N17-N19",553,5793151,9.5,7.3
"Total","Census Region 2: Midwest","CENS-R2","Minnesota","27","2024 (provisional)","2024",,,1098,5793151,19.0,14.4
,"Census Region 2: Midwest","CENS-R2","Minnesota","27","2025 (provisional and partial)","2025","Other bacterial diseases","A30-A49",558,5793151,9.6,7.4
,"Census Region 2: Midwest","CENS-R2","Minnesota","27","2025 (provisional and partial)","2025","Renal failure","N17-N19",572,5793151,9.9,7.5
"Total","Census Region 2: Midwest","CENS-R2","Minnesota","27","2025 (provisional and partial)","2025",,,1130,5793151,19.5,14.9
,"Census Region 2: Midwest","CENS-R2","Minnesota","27","2026 (provisional and partial)","2026","Other bacterial diseases","A30-A49",43,5793151,0.7,0.6
,"Census Region 2: Midwest","CENS-R2","Minnesota","27","2026 (provisional and partial)","2026","Renal failure","N17-N19",43,5793151,0.7,0.6
"Total","Census Region 2: Midwest","CENS-R2","Minnesota","27","2026 (provisional and partial)","2026",,,86,5793151,1.5,1.2
"Total","Census Region 2: Midwest","CENS-R2","Minnesota","27",,,,,7405,51450095,14.4,11.4
,"Census Region 2: Midwest","CENS-R2","Missouri","29","2018","2018","Other bacterial diseases","A30-A49",363,6126452,5.9,4.6
,"Census Region 2: Midwest","CENS-R2","Missouri","29","2018","2018","Renal failure","N17-N19",366,6126452,6.0,4.7
"Total","Census Region 2: Midwest","CENS-R2","Missouri","29","2018","2018",,,729,6126452,11.9,9.3
,"Census Region 2: Midwest","CENS-R2","Missouri","29","2019","2019","Other bacterial diseases","A30-A49",311,6137428,5.1,3.8
,"Census Region 2: Midwest","CENS-R2","Missouri","29","2019","2019","Renal failure","N17-N19",313,6137428,5.1,3.9
"Total","Census Region 2: Midwest","CENS-R2","Missouri","29","2019","2019",,,624,6137428,10.2,7.7
,"Census Region 2: Midwest","CENS-R2","Missouri","29","2020","2020","Other bacterial diseases","A30-A49",507,6151548,8.2,6.3
,"Census Region 2: Midwest","CENS-R2","Missouri","29","2020","2020","Renal failure","N17-N19",514,6151548,8.4,6.4
"Total","Census Region 2: Midwest","CENS-R2","Missouri","29","2020","2020",,,1021,6151548,16.6,12.6
,"Census Region 2: Midwest","CENS-R2","Missouri","29","2021","2021","Other bacterial diseases","A30-A49",608,6168187,9.9,7.8
,"Census Region 2: Midwest","CENS-R2","Missouri","29","2021","2021","Renal failure","N17-N19",613,6168187,9.9,7.8
"Total","Census Region 2: Midwest","CENS-R2","Missouri","29","2021","2021",,,1221,6168187,19.8,15.6
,"Census Region 2: Midwest","CENS-R2","Missouri","29","2022","2022","Other bacterial diseases","A30-A49",830,6177957,13.4,10.3
,"Census Region 2: Midwest","CENS-R2","Missouri","29","2022","2022","Renal failure","N17-N19",836,6177957,13.5,10.4
"Total","Census Region 2: Midwest","CENS-R2","Missouri","29","2022","2022",,,1666,6177957,27.0,20.7
,"Census Region 2: Midwest","CENS-R2","Missouri","29","2023","2023","Other bacterial diseases","A30-A49",774,6196156,12.5,9.6
,"Census Region 2: Midwest","CENS-R2","Missouri","29","2023","2023","Renal failure","N17-N19",781,6196156,12.6,9.7
"Total","Census Region 2: Midwest","CENS-R2","Missouri","29","2023","2023",,,1555,6196156,25.1,19.3
,"Census Region 2: Midwest","CENS-R2","Missouri","29","2024 (provisional)","2024","Other bacterial diseases","A30-A49",745,6245466,11.9,8.9
,"Census Region 2: Midwest","CENS-R2","Missouri","29","2024 (provisional)","2024","Renal failure","N17-N19",753,6245466,12.1,9.0
"Total","Census Region 2: Midwest","CENS-R2","Missouri","29","2024 (provisional)","2024",,,1498,6245466,24.0,18.0
,"Census Region 2: Midwest","CENS-R2","Missouri","29","2025 (provisional and partial)","2025","Other bacterial diseases","A30-A49",756,6245466,12.1,9.0
,"Census Region 2: Midwest","CENS-R2","Missouri","29","2025 (provisional and partial)","2025","Renal failure","N17-N19",765,6245466,12.2,9.1
"Total","Census Region 2: Midwest","CENS-R2","Missouri","29","2025 (provisional and partial)","2025",,,1521,6245466,24.4,18.1
,"Census Region 2: Midwest","CENS-R2","Missouri","29","2026 (provisional and partial)","2026","Other bacterial diseases","A30-A49",43,6245466,0.7,0.5
,"Census Region 2: Midwest","CENS-R2","Missouri","29","2026 (provisional and partial)","2026","Renal failure","N17-N19",43,6245466,0.7,0.5
"Total","Census Region 2: Midwest","CENS-R2","Missouri","29","2026 (provisional and partial)","2026",,,86,6245466,1.4,1.0
"Total","Census Region 2: Midwest","CENS-R2","Missouri","29",,,,,9921,55694126,17.8,13.6
,"Census Region 2: Midwest","CENS-R2","Nebraska","31","2018","2018","Other bacterial diseases","A30-A49",109,1929268,5.6,4.8
,"Census Region 2: Midwest","CENS-R2","Nebraska","31","2018","2018","Renal failure","N17-N19",110,1929268,5.7,4.8
"Total","Census Region 2: Midwest","CENS-R2","Nebraska","31","2018","2018",,,219,1929268,11.4,9.6
,"Census Region 2: Midwest","CENS-R2","Nebraska","31","2019","2019","Other bacterial diseases","A30-A49",117,1934408,6.0,5.0
,"Census Region 2: Midwest","CENS-R2","Nebraska","31","2019","2019","Renal failure","N17-N19",117,1934408,6.0,5.0
"Total","Census Region 2: Midwest","CENS-R2","Nebraska","31","2019","2019",,,234,1934408,12.1,10.0
,"Census Region 2: Midwest","CENS-R2","Nebraska","31","2020","2020","Other bacterial diseases","A30-A49",112,1937552,5.8,4.6
,"Census Region 2: Midwest","CENS-R2","Nebraska","31","2020","2020","Renal failure","N17-N19",113,1937552,5.8,4.7
"Total","Census Region 2: Midwest","CENS-R2","Nebraska","31","2020","2020",,,225,1937552,11.6,9.3
,"Census Region 2: Midwest","CENS-R2","Nebraska","31","2021","2021","Other bacterial diseases","A30-A49",207,1963692,10.5,8.8
,"Census Region 2: Midwest","CENS-R2","Nebraska","31","2021","2021","Renal failure","N17-N19",210,1963692,10.7,8.9
"Total","Census Region 2: Midwest","CENS-R2","Nebraska","31","2021","2021",,,417,1963692,21.2,17.7
,"Census Region 2: Midwest","CENS-R2","Nebraska","31","2022","2022","Other bacterial diseases","A30-A49",252,1967923,12.8,10.7
,"Census Region 2: Midwest","CENS-R2","Nebraska","31","2022","2022","Renal failure","N17-N19",255,1967923,13.0,10.8
"Total","Census Region 2: Midwest","CENS-R2","Nebraska","31","2022","2022",,,507,1967923,25.8,21.4
,"Census Region 2: Midwest","CENS-R2","Nebraska","31","2023","2023","Other bacterial diseases","A30-A49",228,1978379,11.5,9.5
,"Census Region 2: Midwest","CENS-R2","Nebraska","31","2023","2023","Renal failure","N17-N19",233,1978379,11.8,9.7
"Total","Census Region 2: Midwest","CENS-R2","Nebraska","31","2023","2023",,,461,1978379,23.3,19.2
,"Census Region 2: Midwest","CENS-R2","Nebraska","31","2024 (provisional)","2024","Other bacterial diseases","A30-A49",283,2005465,14.1,11.6
,"Census Region 2: Midwest","CENS-R2","Nebraska","31","2024 (provisional)","2024","Renal failure","N17-N19",289,2005465,14.4,11.8
"Total","Census Region 2: Midwest","CENS-R2","Nebraska","31","2024 (provisional)","2024",,,572,2005465,28.5,23.4
,"Census Region 2: Midwest","CENS-R2","Nebraska","31","2025 (provisional and partial)","2025","Other bacterial diseases","A30-A49",260,2005465,13.0,10.7
,"Census Region 2: Midwest","CENS-R2","Nebraska","31","2025 (provisional and partial)","2025","Renal failure","N17-N19",261,2005465,13.0,10.7
"Total","Census Region 2: Midwest","CENS-R2","Nebraska","31","2025 (provisional and partial)","2025",,,521,2005465,26.0,21.4
,"Census Region 2: Midwest","CENS-R2","Nebraska","31","2026 (provisional and partial)","2026","Other bacterial diseases","A30-A49",15,2005465,Unreliable,Unreliable
,"Census Region 2: Midwest","CENS-R2","Nebraska","31","2026 (provisional and partial)","2026","Renal failure","N17-N19",16,2005465,Unreliable,Unreliable
"Total","Census Region 2: Midwest","CENS-R2","Nebraska","31","2026 (provisional and partial)","2026",,,31,2005465,1.5,1.4
"Total","Census Region 2: Midwest","CENS-R2","Nebraska","31",,,,,3187,17727617,18.0,14.9
,"Census Region 2: Midwest","CENS-R2","North Dakota","38","2018","2018","Other bacterial diseases","A30-A49",46,760077,6.1,5.6
,"Census Region 2: Midwest","CENS-R2","North Dakota","38","2018","2018","Renal failure","N17-N19",46,760077,6.1,5.6
"Total","Census Region 2: Midwest","CENS-R2","North Dakota","38","2018","2018",,,92,760077,12.1,11.2
,"Census Region 2: Midwest","CENS-R2","North Dakota","38","2019","2019","Other bacterial diseases","A30-A49",51,762062,6.7,5.8
,"Census Region 2: Midwest","CENS-R2","North Dakota","38","2019","2019","Renal failure","N17-N19",51,762062,6.7,5.8
"Total","Census Region 2: Midwest","CENS-R2","North Dakota","38","2019","2019",,,102,762062,13.4,11.6
,"Census Region 2: Midwest","CENS-R2","North Dakota","38","2020","2020","Other bacterial diseases","A30-A49",60,765309,7.8,6.7
,"Census Region 2: Midwest","CENS-R2","North Dakota","38","2020","2020","Renal failure","N17-N19",61,765309,8.0,6.9
"Total","Census Region 2: Midwest","CENS-R2","North Dakota","38","2020","2020",,,121,765309,15.8,13.6
,"Census Region 2: Midwest","CENS-R2","North Dakota","38","2021","2021","Other bacterial diseases","A30-A49",97,774948,12.5,10.7
,"Census Region 2: Midwest","CENS-R2","North Dakota","38","2021","2021","Renal failure","N17-N19",98,774948,12.6,10.8
"Total","Census Region 2: Midwest","CENS-R2","North Dakota","38","2021","2021",,,195,774948,25.2,21.5
,"Census Region 2: Midwest","CENS-R2","North Dakota","38","2022","2022","Other bacterial diseases","A30-A49",90,779261,11.5,10.1
,"Census Region 2: Midwest","CENS-R2","North Dakota","38","2022","2022","Renal failure","N17-N19",91,779261,11.7,10.2
"Total","Census Region 2: Midwest","CENS-R2","North Dakota","38","2022","2022",,,181,779261,23.2,20.4
,"Census Region 2: Midwest","CENS-R2","North Dakota","38","2023","2023","Other bacterial diseases","A30-A49",96,783926,12.2,9.8
,"Census Region 2: Midwest","CENS-R2","North Dakota","38","2023","2023","Renal failure","N17-N19",97,783926,12.4,9.9
"Total","Census Region 2: Midwest","CENS-R2","North Dakota","38","2023","2023",,,193,783926,24.6,19.8
,"Census Region 2: Midwest","CENS-R2","North Dakota","38","2024 (provisional)","2024","Other bacterial diseases","A30-A49",92,796568,11.5,9.3
,"Census Region 2: Midwest","CENS-R2","North Dakota","38","2024 (provisional)","2024","Renal failure","N17-N19",94,796568,11.8,9.5
"Total","Census Region 2: Midwest","CENS-R2","North Dakota","38","2024 (provisional)","2024",,,186,796568,23.4,18.8
,"Census Region 2: Midwest","CENS-R2","North Dakota","38","2025 (provisional and partial)","2025","Other bacterial diseases","A30-A49",69,796568,8.7,7.2
,"Census Region 2: Midwest","CENS-R2","North Dakota","38","2025 (provisional and partial)","2025","Renal failure","N17-N19",71,796568,8.9,7.3
"Total","Census Region 2: Midwest","CENS-R2","North Dakota","38","2025 (provisional and partial)","2025",,,140,796568,17.6,14.5
"Total","Census Region 2: Midwest","CENS-R2","North Dakota","38",,,,,1210,7015287,17.2,14.5
,"Census Region 2: Midwest","CENS-R2","South Dakota","46","2018","2018","Other bacterial diseases","A30-A49",69,882235,7.8,6.0
,"Census Region 2: Midwest","CENS-R2","South Dakota","46","2018","2018","Renal failure","N17-N19",70,882235,7.9,6.1
"Total","Census Region 2: Midwest","CENS-R2","South Dakota","46","2018","2018",,,139,882235,15.8,12.0
,"Census Region 2: Midwest","CENS-R2","South Dakota","46","2019","2019","Other bacterial diseases","A30-A49",71,884659,8.0,6.5
,"Census Region 2: Midwest","CENS-R2","South Dakota","46","2019","2019","Renal failure","N17-N19",75,884659,8.5,6.9
"Total","Census Region 2: Midwest","CENS-R2","South Dakota","46","2019","2019",,,146,884659,16.5,13.4
,"Census Region 2: Midwest","CENS-R2","South Dakota","46","2020","2020","Other bacterial diseases","A30-A49",117,892717,13.1,10.3
,"Census Region 2: Midwest","CENS-R2","South Dakota","46","2020","2020","Renal failure","N17-N19",120,892717,13.4,10.5
"Total","Census Region 2: Midwest","CENS-R2","South Dakota","46","2020","2020",,,237,892717,26.5,20.8
,"Census Region 2: Midwest","CENS-R2","South Dakota","46","2021","2021","Other bacterial diseases","A30-A49",134,895376,15.0,12.8
,"Census Region 2: Midwest","CENS-R2","South Dakota","46","2021","2021","Renal failure","N17-N19",136,895376,15.2,13.0
"Total","Census Region 2: Midwest","CENS-R2","South Dakota","46","2021","2021",,,270,895376,30.2,25.7
,"Census Region 2: Midwest","CENS-R2","South Dakota","46","2022","2022","Other bacterial diseases","A30-A49",118,909824,13.0,11.1
,"Census Region 2: Midwest","CENS-R2","South Dakota","46","2022","2022","Renal failure","N17-N19",120,909824,13.2,11.4
"Total","Census Region 2: Midwest","CENS-R2","South Dakota","46","2022","2022",,,238,909824,26.2,22.5
,"Census Region 2: Midwest","CENS-R2","South Dakota","46","2023","2023","Other bacterial diseases","A30-A49",124,919318,13.5,11.0
,"Census Region 2: Midwest","CENS-R2","South Dakota","46","2023","2023","Renal failure","N17-N19",127,919318,13.8,11.3
"Total","Census Region 2: Midwest","CENS-R2","South Dakota","46","2023","2023",,,251,919318,27.3,22.3
,"Census Region 2: Midwest","CENS-R2","South Dakota","46","2024 (provisional)","2024","Other bacterial diseases","A30-A49",145,924669,15.7,13.1
,"Census Region 2: Midwest","CENS-R2","South Dakota","46","2024 (provisional)","2024","Renal failure","N17-N19",151,924669,16.3,13.8
"Total","Census Region 2: Midwest","CENS-R2","South Dakota","46","2024 (provisional)","2024",,,296,924669,32.0,26.9
,"Census Region 2: Midwest","CENS-R2","South Dakota","46","2025 (provisional and partial)","2025","Other bacterial diseases","A30-A49",103,924669,11.1,8.9
,"Census Region 2: Midwest","CENS-R2","South Dakota","46","2025 (provisional and partial)","2025","Renal failure","N17-N19",103,924669,11.1,8.9
"Total","Census Region 2: Midwest","CENS-R2","South Dakota","46","2025 (provisional and partial)","2025",,,206,924669,22.3,17.9
"Total","Census Region 2: Midwest","CENS-R2","South Dakota","46","2026 (provisional and partial)","2026",,,11,924669,Unreliable,Unreliable
"Total","Census Region 2: Midwest","CENS-R2","South Dakota","46",,,,,1794,8158136,22.0,18.1
"Total","Census Region 2: Midwest","CENS-R2",,,,,,,93666,620282566,15.1,11.8
,"Census Region 3: South","CENS-R3","Delaware","10","2018","2018","Other bacterial diseases","A30-A49",82,967171,8.5,6.3
,"Census Region 3: South","CENS-R3","Delaware","10","2018","2018","Renal failure","N17-N19",83,967171,8.6,6.4
"Total","Census Region 3: South","CENS-R3","Delaware","10","2018","2018",,,165,967171,17.1,12.8
,"Census Region 3: South","CENS-R3","Delaware","10","2019","2019","Other bacterial diseases","A30-A49",50,973764,5.1,3.5
,"Census Region 3: South","CENS-R3","Delaware","10","2019","2019","Renal failure","N17-N19",53,973764,5.4,3.7
"Total","Census Region 3: South","CENS-R3","Delaware","10","2019","2019",,,103,973764,10.6,7.3
,"Census Region 3: South","CENS-R3","Delaware","10","2020","2020","Other bacterial diseases","A30-A49",81,986809,8.2,5.8
,"Census Region 3: South","CENS-R3","Delaware","10","2020","2020","Renal failure","N17-N19",81,986809,8.2,5.8
"Total","Census Region 3: South","CENS-R3","Delaware","10","2020","2020",,,162,986809,16.4,11.5
,"Census Region 3: South","CENS-R3","Delaware","10","2021","2021","Other bacterial diseases","A30-A49",113,1003384,11.3,7.8
,"Census Region 3: South","CENS-R3","Delaware","10","2021","2021","Renal failure","N17-N19",117,1003384,11.7,8.1
"Total","Census Region 3: South","CENS-R3","Delaware","10","2021","2021",,,230,1003384,22.9,15.9
,"Census Region 3: South","CENS-R3","Delaware","10","2022","2022","Other bacterial diseases","A30-A49",139,1018396,13.6,9.4
,"Census Region 3: South","CENS-R3","Delaware","10","2022","2022","Renal failure","N17-N19",144,1018396,14.1,9.8
"Total","Census Region 3: South","CENS-R3","Delaware","10","2022","2022",,,283,1018396,27.8,19.1
,"Census Region 3: South","CENS-R3","Delaware","10","2023","2023","Other bacterial diseases","A30-A49",147,1031890,14.2,10.1
,"Census Region 3: South","CENS-R3","Delaware","10","2023","2023","Renal failure","N17-N19",147,1031890,14.2,10.1
"Total","Census Region 3: South","CENS-R3","Delaware","10","2023","2023",,,294,1031890,28.5,20.2
,"Census Region 3: South","CENS-R3","Delaware","10","2024 (provisional)","2024","Other bacterial diseases","A30-A49",138,1051917,13.1,9.4
,"Census Region 3: South","CENS-R3","Delaware","10","2024 (provisional)","2024","Renal failure","N17-N19",140,1051917,13.3,9.6
"Total","Census Region 3: South","CENS-R3","Delaware","10","2024 (provisional)","2024",,,278,1051917,26.4,19.0
,"Census Region 3: South","CENS-R3","Delaware","10","2025 (provisional and partial)","2025","Other bacterial diseases","A30-A49",132,1051917,12.5,8.7
,"Census Region 3: South","CENS-R3","Delaware","10","2025 (provisional and partial)","2025","Renal failure","N17-N19",133,1051917,12.6,8.8
"Total","Census Region 3: South","CENS-R3","Delaware","10","2025 (provisional and partial)","2025",,,265,1051917,25.2,17.5
,"Census Region 3: South","CENS-R3","Delaware","10","2026 (provisional and partial)","2026","Other bacterial diseases","A30-A49",10,1051917,Unreliable,Unreliable
,"Census Region 3: South","CENS-R3","Delaware","10","2026 (provisional and partial)","2026","Renal failure","N17-N19",10,1051917,Unreliable,Unreliable
"Total","Census Region 3: South","CENS-R3","Delaware","10","2026 (provisional and partial)","2026",,,20,1051917,1.9,1.3
"Total","Census Region 3: South","CENS-R3","Delaware","10",,,,,1800,9137165,19.7,13.9
,"Census Region 3: South","CENS-R3","District of Columbia","11","2018","2018","Other bacterial diseases","A30-A49",24,702455,3.4,3.6
,"Census Region 3: South","CENS-R3","District of Columbia","11","2018","2018","Renal failure","N17-N19",24,702455,3.4,3.6
"Total","Census Region 3: South","CENS-R3","District of Columbia","11","2018","2018",,,48,702455,6.8,7.1
,"Census Region 3: South","CENS-R3","District of Columbia","11","2019","2019","Other bacterial diseases","A30-A49",27,705749,3.8,3.7
,"Census Region 3: South","CENS-R3","District of Columbia","11","2019","2019","Renal failure","N17-N19",27,705749,3.8,3.7
"Total","Census Region 3: South","CENS-R3","District of Columbia","11","2019","2019",,,54,705749,7.7,7.5
,"Census Region 3: South","CENS-R3","District of Columbia","11","2020","2020","Other bacterial diseases","A30-A49",34,712816,4.8,4.6
,"Census Region 3: South","CENS-R3","District of Columbia","11","2020","2020","Renal failure","N17-N19",35,712816,4.9,4.7
"Total","Census Region 3: South","CENS-R3","District of Columbia","11","2020","2020",,,69,712816,9.7,9.4
,"Census Region 3: South","CENS-R3","District of Columbia","11","2021","2021","Other bacterial diseases","A30-A49",49,670050,7.3,7.4
,"Census Region 3: South","CENS-R3","District of Columbia","11","2021","2021","Renal failure","N17-N19",49,670050,7.3,7.4
"Total","Census Region 3: South","CENS-R3","District of Columbia","11","2021","2021",,,98,670050,14.6,14.8
,"Census Region 3: South","CENS-R3","District of Columbia","11","2022","2022","Other bacterial diseases","A30-A49",71,671803,10.6,10.2
,"Census Region 3: South","CENS-R3","District of Columbia","11","2022","2022","Renal failure","N17-N19",71,671803,10.6,10.2
"Total","Census Region 3: South","CENS-R3","District of Columbia","11","2022","2022",,,142,671803,21.1,20.4
,"Census Region 3: South","CENS-R3","District of Columbia","11","2023","2023","Other bacterial diseases","A30-A49",61,678972,9.0,8.7
,"Census Region 3: South","CENS-R3","District of Columbia","11","2023","2023","Renal failure","N17-N19",61,678972,9.0,8.7
"Total","Census Region 3: South","CENS-R3","District of Columbia","11","2023","2023",,,122,678972,18.0,17.5
,"Census Region 3: South","CENS-R3","District of Columbia","11","2024 (provisional)","2024","Other bacterial diseases","A30-A49",73,702250,10.4,10.5
,"Census Region 3: South","CENS-R3","District of Columbia","11","2024 (provisional)","2024","Renal failure","N17-N19",73,702250,10.4,10.5
"Total","Census Region 3: South","CENS-R3","District of Columbia","11","2024 (provisional)","2024",,,146,702250,20.8,21.1
,"Census Region 3: South","CENS-R3","District of Columbia","11","2025 (provisional and partial)","2025","Other bacterial diseases","A30-A49",54,702250,7.7,7.7
,"Census Region 3: South","CENS-R3","District of Columbia","11","2025 (provisional and partial)","2025","Renal failure","N17-N19",54,702250,7.7,7.7
"Total","Census Region 3: South","CENS-R3","District of Columbia","11","2025 (provisional and partial)","2025",,,108,702250,15.4,15.4
"Total","Census Region 3: South","CENS-R3","District of Columbia","11",,,,,791,6248595,12.7,12.6
,"Census Region 3: South","CENS-R3","Florida","12","2018","2018","Other bacterial diseases","A30-A49",955,21299325,4.5,3.0
,"Census Region 3: South","CENS-R3","Florida","12","2018","2018","Renal failure","N17-N19",972,21299325,4.6,3.0
"Total","Census Region 3: South","CENS-R3","Florida","12","2018","2018",,,1927,21299325,9.0,6.0
,"Census Region 3: South","CENS-R3","Florida","12","2019","2019","Other bacterial diseases","A30-A49",943,21477737,4.4,2.9
,"Census Region 3: South","CENS-R3","Florida","12","2019","2019","Renal failure","N17-N19",957,21477737,4.5,3.0
"Total","Census Region 3: South","CENS-R3","Florida","12","2019","2019",,,1900,21477737,8.8,5.9
,"Census Region 3: South","CENS-R3","Florida","12","2020","2020","Other bacterial diseases","A30-A49",1222,21733312,5.6,3.7
,"Census Region 3: South","CENS-R3","Florida","12","2020","2020","Renal failure","N17-N19",1237,21733312,5.7,3.7
"Total","Census Region 3: South","CENS-R3","Florida","12","2020","2020",,,2459,21733312,11.3,7.4
,"Census Region 3: South","CENS-R3","Florida","12","2021","2021","Other bacterial diseases","A30-A49",2364,21781128,10.9,7.5
,"Census Region 3: South","CENS-R3","Florida","12","2021","2021","Renal failure","N17-N19",2406,21781128,11.0,7.6
"Total","Census Region 3: South","CENS-R3","Florida","12","2021","2021",,,4770,21781128,21.9,15.1
,"Census Region 3: South","CENS-R3","Florida","12","2022","2022","Other bacterial diseases","A30-A49",2680,22244823,12.0,7.8
,"Census Region 3: South","CENS-R3","Florida","12","2022","2022","Renal failure","N17-N19",2711,22244823,12.2,7.9
"Total","Census Region 3: South","CENS-R3","Florida","12","2022","2022",,,5391,22244823,24.2,15.6
,"Census Region 3: South","CENS-R3","Florida","12","2023","2023","Other bacterial diseases","A30-A49",2477,22610726,11.0,7.1
,"Census Region 3: South","CENS-R3","Florida","12","2023","2023","Renal failure","N17-N19",2506,22610726,11.1,7.2
"Total","Census Region 3: South","CENS-R3","Florida","12","2023","2023",,,4983,22610726,22.0,14.3
,"Census Region 3: South","CENS-R3","Florida","12","2024 (provisional)","2024","Other bacterial diseases","A30-A49",2245,23372215,9.6,6.1
,"Census Region 3: South","CENS-R3","Florida","12","2024 (provisional)","2024","Renal failure","N17-N19",2272,23372215,9.7,6.2
"Total","Census Region 3: South","CENS-R3","Florida","12","2024 (provisional)","2024",,,4517,23372215,19.3,12.4
,"Census Region 3: South","CENS-R3","Florida","12","2025 (provisional and partial)","2025","Other bacterial diseases","A30-A49",2296,23372215,9.8,6.4
,"Census Region 3: South","CENS-R3","Florida","12","2025 (provisional and partial)","2025","Renal failure","N17-N19",2325,23372215,9.9,6.4
"Total","Census Region 3: South","CENS-R3","Florida","12","2025 (provisional and partial)","2025",,,4621,23372215,19.8,12.8
,"Census Region 3: South","CENS-R3","Florida","12","2026 (provisional and partial)","2026","Other bacterial diseases","A30-A49",114,23372215,0.5,0.3
,"Census Region 3: South","CENS-R3","Florida","12","2026 (provisional and partial)","2026","Renal failure","N17-N19",115,23372215,0.5,0.3
"Total","Census Region 3: South","CENS-R3","Florida","12","2026 (provisional and partial)","2026",,,229,23372215,1.0,0.6
"Total","Census Region 3: South","CENS-R3","Florida","12",,,,,30797,201263696,15.3,10.1
,"Census Region 3: South","CENS-R3","Georgia","13","2018","2018","Other bacterial diseases","A30-A49",423,10519475,4.0,3.9
,"Census Region 3: South","CENS-R3","Georgia","13","2018","2018","Renal failure","N17-N19",425,10519475,4.0,3.9
"Total","Census Region 3: South","CENS-R3","Georgia","13","2018","2018",,,848,10519475,8.1,7.8
,"Census Region 3: South","CENS-R3","Georgia","13","2019","2019","Other bacterial diseases","A30-A49",436,10617423,4.1,3.9
,"Census Region 3: South","CENS-R3","Georgia","13","2019","2019","Renal failure","N17-N19",437,10617423,4.1,3.9
"Total","Census Region 3: South","CENS-R3","Georgia","13","2019","2019",,,873,10617423,8.2,7.7
,"Census Region 3: South","CENS-R3","Georgia","13","2020","2020","Other bacterial diseases","A30-A49",611,10710017,5.7,5.1
,"Census Region 3: South","CENS-R3","Georgia","13","2020","2020","Renal failure","N17-N19",612,10710017,5.7,5.1
"Total","Census Region 3: South","CENS-R3","Georgia","13","2020","2020",,,1223,10710017,11.4,10.2
,"Census Region 3: South","CENS-R3","Georgia","13","2021","2021","Other bacterial diseases","A30-A49",955,10799566,8.8,8.0
,"Census Region 3: South","CENS-R3","Georgia","13","2021","2021","Renal failure","N17-N19",962,10799566,8.9,8.1
"Total","Census Region 3: South","CENS-R3","Georgia","13","2021","2021",,,1917,10799566,17.8,16.1
,"Census Region 3: South","CENS-R3","Georgia","13","2022","2022","Other bacterial diseases","A30-A49",1188,10912876,10.9,9.8
,"Census Region 3: South","CENS-R3","Georgia","13","2022","2022","Renal failure","N17-N19",1198,10912876,11.0,9.9
"Total","Census Region 3: South","CENS-R3","Georgia","13","2022","2022",,,2386,10912876,21.9,19.6
,"Census Region 3: South","CENS-R3","Georgia","13","2023","2023","Other bacterial diseases","A30-A49",1193,11029227,10.8,9.7
,"Census Region 3: South","CENS-R3","Georgia","13","2023","2023","Renal failure","N17-N19",1211,11029227,11.0,9.8
"Total","Census Region 3: South","CENS-R3","Georgia","13","2023","2023",,,2404,11029227,21.8,19.5
,"Census Region 3: South","CENS-R3","Georgia","13","2024 (provisional)","2024","Other bacterial diseases","A30-A49",1257,11180878,11.2,9.8
,"Census Region 3: South","CENS-R3","Georgia","13","2024 (provisional)","2024","Renal failure","N17-N19",1271,11180878,11.4,9.9
"Total","Census Region 3: South","CENS-R3","Georgia","13","2024 (provisional)","2024",,,2528,11180878,22.6,19.8
,"Census Region 3: South","CENS-R3","Georgia","13","2025 (provisional and partial)","2025","Other bacterial diseases","A30-A49",1185,11180878,10.6,9.3
,"Census Region 3: South","CENS-R3","Georgia","13","2025 (provisional and partial)","2025","Renal failure","N17-N19",1201,11180878,10.7,9.4
"Total","Census Region 3: South","CENS-R3","Georgia","13","2025 (provisional and partial)","2025",,,2386,11180878,21.3,18.6
,"Census Region 3: South","CENS-R3","Georgia","13","2026 (provisional and partial)","2026","Other bacterial diseases","A30-A49",57,11180878,0.5,0.4
,"Census Region 3: South","CENS-R3","Georgia","13","2026 (provisional and partial)","2026","Renal failure","N17-N19",58,11180878,0.5,0.5
"Total","Census Region 3: South","CENS-R3","Georgia","13","2026 (provisional and partial)","2026",,,115,11180878,1.0,0.9
"Total","Census Region 3: South","CENS-R3","Georgia","13",,,,,14680,98131218,15.0,13.5
,"Census Region 3: South","CENS-R3","Maryland","24","2018","2018","Other bacterial diseases","A30-A49",242,6042718,4.0,3.3
,"Census Region 3: South","CENS-R3","Maryland","24","2018","2018","Renal failure","N17-N19",243,6042718,4.0,3.4
"Total","Census Region 3: South","CENS-R3","Maryland","24","2018","2018",,,485,6042718,8.0,6.7
,"Census Region 3: South","CENS-R3","Maryland","24","2019","2019","Other bacterial diseases","A30-A49",280,6045680,4.6,3.8
,"Census Region 3: South","CENS-R3","Maryland","24","2019","2019","Renal failure","N17-N19",283,6045680,4.7,3.8
"Total","Census Region 3: South","CENS-R3","Maryland","24","2019","2019",,,563,6045680,9.3,7.6
,"Census Region 3: South","CENS-R3","Maryland","24","2020","2020","Other bacterial diseases","A30-A49",427,6055802,7.1,5.7
,"Census Region 3: South","CENS-R3","Maryland","24","2020","2020","Renal failure","N17-N19",429,6055802,7.1,5.8
"Total","Census Region 3: South","CENS-R3","Maryland","24","2020","2020",,,856,6055802,14.1,11.5
,"Census Region 3: South","CENS-R3","Maryland","24","2021","2021","Other bacterial diseases","A30-A49",609,6165129,9.9,8.2
,"Census Region 3: South","CENS-R3","Maryland","24","2021","2021","Renal failure","N17-N19",610,6165129,9.9,8.2
"Total","Census Region 3: South","CENS-R3","Maryland","24","2021","2021",,,1219,6165129,19.8,16.4
,"Census Region 3: South","CENS-R3","Maryland","24","2022","2022","Other bacterial diseases","A30-A49",755,6164660,12.2,9.7
,"Census Region 3: South","CENS-R3","Maryland","24","2022","2022","Renal failure","N17-N19",761,6164660,12.3,9.8
"Total","Census Region 3: South","CENS-R3","Maryland","24","2022","2022",,,1516,6164660,24.6,19.5
,"Census Region 3: South","CENS-R3","Maryland","24","2023","2023","Other bacterial diseases","A30-A49",680,6180253,11.0,8.8
,"Census Region 3: South","CENS-R3","Maryland","24","2023","2023","Renal failure","N17-N19",684,6180253,11.1,8.8
"Total","Census Region 3: South","CENS-R3","Maryland","24","2023","2023",,,1364,6180253,22.1,17.5
,"Census Region 3: South","CENS-R3","Maryland","24","2024 (provisional)","2024","Other bacterial diseases","A30-A49",700,6263220,11.2,8.7
,"Census Region 3: South","CENS-R3","Maryland","24","2024 (provisional)","2024","Renal failure","N17-N19",704,6263220,11.2,8.7
"Total","Census Region 3: South","CENS-R3","Maryland","24","2024 (provisional)","2024",,,1404,6263220,22.4,17.4
,"Census Region 3: South","CENS-R3","Maryland","24","2025 (provisional and partial)","2025","Other bacterial diseases","A30-A49",736,6263220,11.8,9.1
,"Census Region 3: South","CENS-R3","Maryland","24","2025 (provisional and partial)","2025","Renal failure","N17-N19",743,6263220,11.9,9.2
"Total","Census Region 3: South","CENS-R3","Maryland","24","2025 (provisional and partial)","2025",,,1479,6263220,23.6,18.3
,"Census Region 3: South","CENS-R3","Maryland","24","2026 (provisional and partial)","2026","Other bacterial diseases","A30-A49",46,6263220,0.7,0.6
,"Census Region 3: South","CENS-R3","Maryland","24","2026 (provisional and partial)","2026","Renal failure","N17-N19",46,6263220,0.7,0.6
"Total","Census Region 3: South","CENS-R3","Maryland","24","2026 (provisional and partial)","2026",,,92,6263220,1.5,1.2
"Total","Census Region 3: South","CENS-R3","Maryland","24",,,,,8978,55443902,16.2,13.0
,"Census Region 3: South","CENS-R3","North Carolina","37","2018","2018","Other bacterial diseases","A30-A49",591,10383620,5.7,4.7
,"Census Region 3: South","CENS-R3","North Carolina","37","2018","2018","Renal failure","N17-N19",593,10383620,5.7,4.7
"Total","Census Region 3: South","CENS-R3","North Carolina","37","2018","2018",,,1184,10383620,11.4,9.5
,"Census Region 3: South","CENS-R3","North Carolina","37","2019","2019","Other bacterial diseases","A30-A49",533,10488084,5.1,4.2
,"Census Region 3: South","CENS-R3","North Carolina","37","2019","2019","Renal failure","N17-N19",539,10488084,5.1,4.2
"Total","Census Region 3: South","CENS-R3","North Carolina","37","2019","2019",,,1072,10488084,10.2,8.4
,"Census Region 3: South","CENS-R3","North Carolina","37","2020","2020","Other bacterial diseases","A30-A49",717,10600823,6.8,5.4
,"Census Region 3: South","CENS-R3","North Carolina","37","2020","2020","Renal failure","N17-N19",728,10600823,6.9,5.5
"Total","Census Region 3: South","CENS-R3","North Carolina","37","2020","2020",,,1445,10600823,13.6,10.9
,"Census Region 3: South","CENS-R3","North Carolina","37","2021","2021","Other bacterial diseases","A30-A49",1130,10551162,10.7,8.8
,"Census Region 3: South","CENS-R3","North Carolina","37","2021","2021","Renal failure","N17-N19",1141,10551162,10.8,8.9
"Total","Census Region 3: South","CENS-R3","North Carolina","37","2021","2021",,,2271,10551162,21.5,17.6
,"Census Region 3: South","CENS-R3","North Carolina","37","2022","2022","Other bacterial diseases","A30-A49",1225,10698973,11.4,9.2
,"Census Region 3: South","CENS-R3","North Carolina","37","2022","2022","Renal failure","N17-N19",1234,10698973,11.5,9.3
"Total","Census Region 3: South","CENS-R3","North Carolina","37","2022","2022",,,2459,10698973,23.0,18.4
,"Census Region 3: South","CENS-R3","North Carolina","37","2023","2023","Other bacterial diseases","A30-A49",992,10835491,9.2,7.3
,"Census Region 3: South","CENS-R3","North Carolina","37","2023","2023","Renal failure","N17-N19",1010,10835491,9.3,7.4
"Total","Census Region 3: South","CENS-R3","North Carolina","37","2023","2023",,,2002,10835491,18.5,14.7
,"Census Region 3: South","CENS-R3","North Carolina","37","2024 (provisional)","2024","Other bacterial diseases","A30-A49",968,11046024,8.8,6.9
,"Census Region 3: South","CENS-R3","North Carolina","37","2024 (provisional)","2024","Renal failure","N17-N19",986,11046024,8.9,7.0
"Total","Census Region 3: South","CENS-R3","North Carolina","37","2024 (provisional)","2024",,,1954,11046024,17.7,13.9
,"Census Region 3: South","CENS-R3","North Carolina","37","2025 (provisional and partial)","2025","Other bacterial diseases","A30-A49",999,11046024,9.0,7.1
,"Census Region 3: South","CENS-R3","North Carolina","37","2025 (provisional and partial)","2025","Renal failure","N17-N19",1017,11046024,9.2,7.2
"Total","Census Region 3: South","CENS-R3","North Carolina","37","2025 (provisional and partial)","2025",,,2016,11046024,18.3,14.3
,"Census Region 3: South","CENS-R3","North Carolina","37","2026 (provisional and partial)","2026","Other bacterial diseases","A30-A49",44,11046024,0.4,0.3
,"Census Region 3: South","CENS-R3","North Carolina","37","2026 (provisional and partial)","2026","Renal failure","N17-N19",44,11046024,0.4,0.3
"Total","Census Region 3: South","CENS-R3","North Carolina","37","2026 (provisional and partial)","2026",,,88,11046024,0.8,0.6
"Total","Census Region 3: South","CENS-R3","North Carolina","37",,,,,14491,96696225,15.0,12.0
,"Census Region 3: South","CENS-R3","South Carolina","45","2018","2018","Other bacterial diseases","A30-A49",420,5084127,8.3,6.6
,"Census Region 3: South","CENS-R3","South Carolina","45","2018","2018","Renal failure","N17-N19",443,5084127,8.7,7.0
"Total","Census Region 3: South","CENS-R3","South Carolina","45","2018","2018",,,863,5084127,17.0,13.5
,"Census Region 3: South","CENS-R3","South Carolina","45","2019","2019","Other bacterial diseases","A30-A49",436,5148714,8.5,6.6
,"Census Region 3: South","CENS-R3","South Carolina","45","2019","2019","Renal failure","N17-N19",447,5148714,8.7,6.7
"Total","Census Region 3: South","CENS-R3","South Carolina","45","2019","2019",,,883,5148714,17.1,13.3
,"Census Region 3: South","CENS-R3","South Carolina","45","2020","2020","Other bacterial diseases","A30-A49",624,5218040,12.0,9.1
,"Census Region 3: South","CENS-R3","South Carolina","45","2020","2020","Renal failure","N17-N19",653,5218040,12.5,9.5
"Total","Census Region 3: South","CENS-R3","South Carolina","45","2020","2020",,,1277,5218040,24.5,18.5
,"Census Region 3: South","CENS-R3","South Carolina","45","2021","2021","Other bacterial diseases","A30-A49",899,5190705,17.3,13.7
,"Census Region 3: South","CENS-R3","South Carolina","45","2021","2021","Renal failure","N17-N19",936,5190705,18.0,14.2
"Total","Census Region 3: South","CENS-R3","South Carolina","45","2021","2021",,,1835,5190705,35.4,27.9
,"Census Region 3: South","CENS-R3","South Carolina","45","2022","2022","Other bacterial diseases","A30-A49",1061,5282634,20.1,15.1
,"Census Region 3: South","CENS-R3","South Carolina","45","2022","2022","Renal failure","N17-N19",1077,5282634,20.4,15.3
"Total","Census Region 3: South","CENS-R3","South Carolina","45","2022","2022",,,2138,5282634,40.5,30.4
,"Census Region 3: South","CENS-R3","South Carolina","45","2023","2023","Other bacterial diseases","A30-A49",963,5373555,17.9,13.6
,"Census Region 3: South","CENS-R3","South Carolina","45","2023","2023","Renal failure","N17-N19",985,5373555,18.3,13.9
"Total","Census Region 3: South","CENS-R3","South Carolina","45","2023","2023",,,1948,5373555,36.3,27.5
,"Census Region 3: South","CENS-R3","South Carolina","45","2024 (provisional)","2024","Other bacterial diseases","A30-A49",853,5478831,15.6,11.5
,"Census Region 3: South","CENS-R3","South Carolina","45","2024 (provisional)","2024","Renal failure","N17-N19",876,5478831,16.0,11.8
"Total","Census Region 3: South","CENS-R3","South Carolina","45","2024 (provisional)","2024",,,1729,5478831,31.6,23.3
,"Census Region 3: South","CENS-R3","South Carolina","45","2025 (provisional and partial)","2025","Other bacterial diseases","A30-A49",876,5478831,16.0,12.0
,"Census Region 3: South","CENS-R3","South Carolina","45","2025 (provisional and partial)","2025","Renal failure","N17-N19",892,5478831,16.3,12.2
"Total","Census Region 3: South","CENS-R3","South Carolina","45","2025 (provisional and partial)","2025",,,1768,5478831,32.3,24.3
,"Census Region 3: South","CENS-R3","South Carolina","45","2026 (provisional and partial)","2026","Other bacterial diseases","A30-A49",52,5478831,0.9,0.7
,"Census Region 3: South","CENS-R3","South Carolina","45","2026 (provisional and partial)","2026","Renal failure","N17-N19",53,5478831,1.0,0.8
"Total","Census Region 3: South","CENS-R3","South Carolina","45","2026 (provisional and partial)","2026",,,105,5478831,1.9,1.5
"Total","Census Region 3: South","CENS-R3","South Carolina","45",,,,,12546,47734268,26.3,20.0
,"Census Region 3: South","CENS-R3","Virginia","51","2018","2018","Other bacterial diseases","A30-A49",425,8517685,5.0,4.2
,"Census Region 3: South","CENS-R3","Virginia","51","2018","2018","Renal failure","N17-N19",431,8517685,5.1,4.3
"Total","Census Region 3: South","CENS-R3","Virginia","51","2018","2018",,,856,8517685,10.0,8.5
,"Census Region 3: South","CENS-R3","Virginia","51","2019","2019","Other bacterial diseases","A30-A49",379,8535519,4.4,3.7
,"Census Region 3: South","CENS-R3","Virginia","51","2019","2019","Renal failure","N17-N19",383,8535519,4.5,3.8
"Total","Census Region 3: South","CENS-R3","Virginia","51","2019","2019",,,762,8535519,8.9,7.4
,"Census Region 3: South","CENS-R3","Virginia","51","2020","2020","Other bacterial diseases","A30-A49",524,8590563,6.1,5.0
,"Census Region 3: South","CENS-R3","Virginia","51","2020","2020","Renal failure","N17-N19",530,8590563,6.2,5.1
"Total","Census Region 3: South","CENS-R3","Virginia","51","2020","2020",,,1054,8590563,12.3,10.1
,"Census Region 3: South","CENS-R3","Virginia","51","2021","2021","Other bacterial diseases","A30-A49",941,8642274,10.9,9.1
,"Census Region 3: South","CENS-R3","Virginia","51","2021","2021","Renal failure","N17-N19",956,8642274,11.1,9.3
"Total","Census Region 3: South","CENS-R3","Virginia","51","2021","2021",,,1897,8642274,22.0,18.4
,"Census Region 3: South","CENS-R3","Virginia","51","2022","2022","Other bacterial diseases","A30-A49",973,8683619,11.2,9.0
,"Census Region 3: South","CENS-R3","Virginia","51","2022","2022","Renal failure","N17-N19",994,8683619,11.4,9.2
"Total","Census Region 3: South","CENS-R3","Virginia","51","2022","2022",,,1967,8683619,22.7,18.3
,"Census Region 3: South","CENS-R3","Virginia","51","2023","2023","Other bacterial diseases","A30-A49",782,8715698,9.0,7.2
,"Census Region 3: South","CENS-R3","Virginia","51","2023","2023","Renal failure","N17-N19",797,8715698,9.1,7.3
"Total","Census Region 3: South","CENS-R3","Virginia","51","2023","2023",,,1579,8715698,18.1,14.5
,"Census Region 3: South","CENS-R3","Virginia","51","2024 (provisional)","2024","Other bacterial diseases","A30-A49",805,8811195,9.1,7.2
,"Census Region 3: South","CENS-R3","Virginia","51","2024 (provisional)","2024","Renal failure","N17-N19",822,8811195,9.3,7.4
"Total","Census Region 3: South","CENS-R3","Virginia","51","2024 (provisional)","2024",,,1627,8811195,18.5,14.6
,"Census Region 3: South","CENS-R3","Virginia","51","2025 (provisional and partial)","2025","Other bacterial diseases","A30-A49",736,8811195,8.4,6.6
,"Census Region 3: South","CENS-R3","Virginia","51","2025 (provisional and partial)","2025","Renal failure","N17-N19",751,8811195,8.5,6.8
"Total","Census Region 3: South","CENS-R3","Virginia","51","2025 (provisional and partial)","2025",,,1487,8811195,16.9,13.4
,"Census Region 3: South","CENS-R3","Virginia","51","2026 (provisional and partial)","2026","Other bacterial diseases","A30-A49",53,8811195,0.6,0.5
,"Census Region 3: South","CENS-R3","Virginia","51","2026 (provisional and partial)","2026","Renal failure","N17-N19",53,8811195,0.6,0.5
"Total","Census Region 3: South","CENS-R3","Virginia","51","2026 (provisional and partial)","2026",,,106,8811195,1.2,1.0
"Total","Census Region 3: South","CENS-R3","Virginia","51",,,,,11335,78118943,14.5,11.8
,"Census Region 3: South","CENS-R3","West Virginia","54","2018","2018","Other bacterial diseases","A30-A49",150,1805832,8.3,5.8
,"Census Region 3: South","CENS-R3","West Virginia","54","2018","2018","Renal failure","N17-N19",150,1805832,8.3,5.8
"Total","Census Region 3: South","CENS-R3","West Virginia","54","2018","2018",,,300,1805832,16.6,11.6
,"Census Region 3: South","CENS-R3","West Virginia","54","2019","2019","Other bacterial diseases","A30-A49",145,1792147,8.1,5.7
,"Census Region 3: South","CENS-R3","West Virginia","54","2019","2019","Renal failure","N17-N19",147,1792147,8.2,5.8
"Total","Census Region 3: South","CENS-R3","West Virginia","54","2019","2019",,,292,1792147,16.3,11.6
,"Census Region 3: South","CENS-R3","West Virginia","54","2020","2020","Other bacterial diseases","A30-A49",162,1784787,9.1,6.4
,"Census Region 3: South","CENS-R3","West Virginia","54","2020","2020","Renal failure","N17-N19",163,1784787,9.1,6.4
"Total","Census Region 3: South","CENS-R3","West Virginia","54","2020","2020",,,325,1784787,18.2,12.8
,"Census Region 3: South","CENS-R3","West Virginia","54","2021","2021","Other bacterial diseases","A30-A49",365,1782959,20.5,14.6
,"Census Region 3: South","CENS-R3","West Virginia","54","2021","2021","Renal failure","N17-N19",371,1782959,20.8,14.8
"Total","Census Region 3: South","CENS-R3","West Virginia","54","2021","2021",,,736,1782959,41.3,29.4
,"Census Region 3: South","CENS-R3","West Virginia","54","2022","2022","Other bacterial diseases","A30-A49",301,1775156,17.0,11.9
,"Census Region 3: South","CENS-R3","West Virginia","54","2022","2022","Renal failure","N17-N19",301,1775156,17.0,11.9
"Total","Census Region 3: South","CENS-R3","West Virginia","54","2022","2022",,,602,1775156,33.9,23.8
,"Census Region 3: South","CENS-R3","West Virginia","54","2023","2023","Other bacterial diseases","A30-A49",239,1770071,13.5,9.3
,"Census Region 3: South","CENS-R3","West Virginia","54","2023","2023","Renal failure","N17-N19",243,1770071,13.7,9.5
"Total","Census Region 3: South","CENS-R3","West Virginia","54","2023","2023",,,482,1770071,27.2,18.8
,"Census Region 3: South","CENS-R3","West Virginia","54","2024 (provisional)","2024","Other bacterial diseases","A30-A49",215,1769979,12.1,8.1
,"Census Region 3: South","CENS-R3","West Virginia","54","2024 (provisional)","2024","Renal failure","N17-N19",219,1769979,12.4,8.2
"Total","Census Region 3: South","CENS-R3","West Virginia","54","2024 (provisional)","2024",,,434,1769979,24.5,16.3
,"Census Region 3: South","CENS-R3","West Virginia","54","2025 (provisional and partial)","2025","Other bacterial diseases","A30-A49",192,1769979,10.8,7.1
,"Census Region 3: South","CENS-R3","West Virginia","54","2025 (provisional and partial)","2025","Renal failure","N17-N19",193,1769979,10.9,7.1
"Total","Census Region 3: South","CENS-R3","West Virginia","54","2025 (provisional and partial)","2025",,,385,1769979,21.8,14.1
"Total","Census Region 3: South","CENS-R3","West Virginia","54",,,,,3564,16020889,22.2,15.4
,"Census Region 3: South","CENS-R3","Alabama","01","2018","2018","Other bacterial diseases","A30-A49",295,4887871,6.0,4.9
,"Census Region 3: South","CENS-R3","Alabama","01","2018","2018","Renal failure","N17-N19",297,4887871,6.1,4.9
"Total","Census Region 3: South","CENS-R3","Alabama","01","2018","2018",,,592,4887871,12.1,9.7
,"Census Region 3: South","CENS-R3","Alabama","01","2019","2019","Other bacterial diseases","A30-A49",276,4903185,5.6,4.5
,"Census Region 3: South","CENS-R3","Alabama","01","2019","2019","Renal failure","N17-N19",277,4903185,5.6,4.5
"Total","Census Region 3: South","CENS-R3","Alabama","01","2019","2019",,,553,4903185,11.3,8.9
,"Census Region 3: South","CENS-R3","Alabama","01","2020","2020","Other bacterial diseases","A30-A49",431,4921532,8.8,6.8
,"Census Region 3: South","CENS-R3","Alabama","01","2020","2020","Renal failure","N17-N19",434,4921532,8.8,6.8
"Total","Census Region 3: South","CENS-R3","Alabama","01","2020","2020",,,865,4921532,17.6,13.6
,"Census Region 3: South","CENS-R3","Alabama","01","2021","2021","Other bacterial diseases","A30-A49",634,5039877,12.6,9.9
,"Census Region 3: South","CENS-R3","Alabama","01","2021","2021","Renal failure","N17-N19",637,5039877,12.6,9.9
"Total","Census Region 3: South","CENS-R3","Alabama","01","2021","2021",,,1271,5039877,25.2,19.8
,"Census Region 3: South","CENS-R3","Alabama","01","2022","2022","Other bacterial diseases","A30-A49",758,5074296,14.9,11.5
,"Census Region 3: South","CENS-R3","Alabama","01","2022","2022","Renal failure","N17-N19",763,5074296,15.0,11.6
"Total","Census Region 3: South","CENS-R3","Alabama","01","2022","2022",,,1521,5074296,30.0,23.1
,"Census Region 3: South","CENS-R3","Alabama","01","2023","2023","Other bacterial diseases","A30-A49",700,5108468,13.7,10.5
,"Census Region 3: South","CENS-R3","Alabama","01","2023","2023","Renal failure","N17-N19",701,5108468,13.7,10.5
"Total","Census Region 3: South","CENS-R3","Alabama","01","2023","2023",,,1401,5108468,27.4,21.0
,"Census Region 3: South","CENS-R3","Alabama","01","2024 (provisional)","2024","Other bacterial diseases","A30-A49",603,5157699,11.7,9.0
,"Census Region 3: South","CENS-R3","Alabama","01","2024 (provisional)","2024","Renal failure","N17-N19",604,5157699,11.7,9.0
"Total","Census Region 3: South","CENS-R3","Alabama","01","2024 (provisional)","2024",,,1207,5157699,23.4,17.9
,"Census Region 3: South","CENS-R3","Alabama","01","2025 (provisional and partial)","2025","Other bacterial diseases","A30-A49",583,5157699,11.3,8.6
,"Census Region 3: South","CENS-R3","Alabama","01","2025 (provisional and partial)","2025","Renal failure","N17-N19",585,5157699,11.3,8.6
"Total","Census Region 3: South","CENS-R3","Alabama","01","2025 (provisional and partial)","2025",,,1168,5157699,22.6,17.2
,"Census Region 3: South","CENS-R3","Alabama","01","2026 (provisional and partial)","2026","Other bacterial diseases","A30-A49",32,5157699,0.6,0.5
,"Census Region 3: South","CENS-R3","Alabama","01","2026 (provisional and partial)","2026","Renal failure","N17-N19",32,5157699,0.6,0.5
"Total","Census Region 3: South","CENS-R3","Alabama","01","2026 (provisional and partial)","2026",,,64,5157699,1.2,1.0
"Total","Census Region 3: South","CENS-R3","Alabama","01",,,,,8642,45408326,19.0,14.7
,"Census Region 3: South","CENS-R3","Kentucky","21","2018","2018","Other bacterial diseases","A30-A49",441,4468402,9.9,8.2
,"Census Region 3: South","CENS-R3","Kentucky","21","2018","2018","Renal failure","N17-N19",452,4468402,10.1,8.4
"Total","Census Region 3: South","CENS-R3","Kentucky","21","2018","2018",,,893,4468402,20.0,16.5
,"Census Region 3: South","CENS-R3","Kentucky","21","2019","2019","Other bacterial diseases","A30-A49",439,4467673,9.8,8.0
,"Census Region 3: South","CENS-R3","Kentucky","21","2019","2019","Renal failure","N17-N19",449,4467673,10.0,8.1
"Total","Census Region 3: South","CENS-R3","Kentucky","21","2019","2019",,,888,4467673,19.9,16.1
,"Census Region 3: South","CENS-R3","Kentucky","21","2020","2020","Other bacterial diseases","A30-A49",527,4477251,11.8,9.2
,"Census Region 3: South","CENS-R3","Kentucky","21","2020","2020","Renal failure","N17-N19",537,4477251,12.0,9.4
"Total","Census Region 3: South","CENS-R3","Kentucky","21","2020","2020",,,1064,4477251,23.8,18.6
,"Census Region 3: South","CENS-R3","Kentucky","21","2021","2021","Other bacterial diseases","A30-A49",1049,4509394,23.3,19.0
,"Census Region 3: South","CENS-R3","Kentucky","21","2021","2021","Renal failure","N17-N19",1073,4509394,23.8,19.5
"Total","Census Region 3: South","CENS-R3","Kentucky","21","2021","2021",,,2122,4509394,47.1,38.5
,"Census Region 3: South","CENS-R3","Kentucky","21","2022","2022","Other bacterial diseases","A30-A49",1340,4512310,29.7,23.5
,"Census Region 3: South","CENS-R3","Kentucky","21","2022","2022","Renal failure","N17-N19",1357,4512310,30.1,23.8
"Total","Census Region 3: South","CENS-R3","Kentucky","21","2022","2022",,,2697,4512310,59.8,47.4
,"Census Region 3: South","CENS-R3","Kentucky","21","2023","2023","Other bacterial diseases","A30-A49",1177,4526154,26.0,20.6
,"Census Region 3: South","CENS-R3","Kentucky","21","2023","2023","Renal failure","N17-N19",1185,4526154,26.2,20.7
"Total","Census Region 3: South","CENS-R3","Kentucky","21","2023","2023",,,2362,4526154,52.2,41.3
,"Census Region 3: South","CENS-R3","Kentucky","21","2024 (provisional)","2024","Other bacterial diseases","A30-A49",1088,4588372,23.7,18.5
,"Census Region 3: South","CENS-R3","Kentucky","21","2024 (provisional)","2024","Renal failure","N17-N19",1109,4588372,24.2,18.9
"Total","Census Region 3: South","CENS-R3","Kentucky","21","2024 (provisional)","2024",,,2197,4588372,47.9,37.5
,"Census Region 3: South","CENS-R3","Kentucky","21","2025 (provisional and partial)","2025","Other bacterial diseases","A30-A49",1031,4588372,22.5,17.7
,"Census Region 3: South","CENS-R3","Kentucky","21","2025 (provisional and partial)","2025","Renal failure","N17-N19",1039,4588372,22.6,17.9
"Total","Census Region 3: South","CENS-R3","Kentucky","21","2025 (provisional and partial)","2025",,,2070,4588372,45.1,35.6
,"Census Region 3: South","CENS-R3","Kentucky","21","2026 (provisional and partial)","2026","Other bacterial diseases","A30-A49",33,4588372,0.7,0.6
,"Census Region 3: South","CENS-R3","Kentucky","21","2026 (provisional and partial)","2026","Renal failure","N17-N19",33,4588372,0.7,0.6
"Total","Census Region 3: South","CENS-R3","Kentucky","21","2026 (provisional and partial)","2026",,,66,4588372,1.4,1.1
"Total","Census Region 3: South","CENS-R3","Kentucky","21",,,,,14359,40726300,35.3,28.1
,"Census Region 3: South","CENS-R3","Mississippi","28","2018","2018","Other bacterial diseases","A30-A49",212,2986530,7.1,5.9
,"Census Region 3: South","CENS-R3","Mississippi","28","2018","2018","Renal failure","N17-N19",214,2986530,7.2,5.9
"Total","Census Region 3: South","CENS-R3","Mississippi","28","2018","2018",,,426,2986530,14.3,11.7
,"Census Region 3: South","CENS-R3","Mississippi","28","2019","2019","Other bacterial diseases","A30-A49",194,2976149,6.5,5.5
,"Census Region 3: South","CENS-R3","Mississippi","28","2019","2019","Renal failure","N17-N19",194,2976149,6.5,5.5
"Total","Census Region 3: South","CENS-R3","Mississippi","28","2019","2019",,,388,2976149,13.0,10.9
,"Census Region 3: South","CENS-R3","Mississippi","28","2020","2020","Other bacterial diseases","A30-A49",290,2966786,9.8,7.9
,"Census Region 3: South","CENS-R3","Mississippi","28","2020","2020","Renal failure","N17-N19",289,2966786,9.7,7.9
"Total","Census Region 3: South","CENS-R3","Mississippi","28","2020","2020",,,579,2966786,19.5,15.8
,"Census Region 3: South","CENS-R3","Mississippi","28","2021","2021","Other bacterial diseases","A30-A49",409,2949965,13.9,11.6
,"Census Region 3: South","CENS-R3","Mississippi","28","2021","2021","Renal failure","N17-N19",414,2949965,14.0,11.8
"Total","Census Region 3: South","CENS-R3","Mississippi","28","2021","2021",,,823,2949965,27.9,23.4
,"Census Region 3: South","CENS-R3","Mississippi","28","2022","2022","Other bacterial diseases","A30-A49",502,2940057,17.1,13.8
,"Census Region 3: South","CENS-R3","Mississippi","28","2022","2022","Renal failure","N17-N19",507,2940057,17.2,14.0
"Total","Census Region 3: South","CENS-R3","Mississippi","28","2022","2022",,,1009,2940057,34.3,27.8
,"Census Region 3: South","CENS-R3","Mississippi","28","2023","2023","Other bacterial diseases","A30-A49",362,2939690,12.3,9.9
,"Census Region 3: South","CENS-R3","Mississippi","28","2023","2023","Renal failure","N17-N19",365,2939690,12.4,10.0
"Total","Census Region 3: South","CENS-R3","Mississippi","28","2023","2023",,,727,2939690,24.7,19.9
,"Census Region 3: South","CENS-R3","Mississippi","28","2024 (provisional)","2024","Other bacterial diseases","A30-A49",350,2943045,11.9,9.4
,"Census Region 3: South","CENS-R3","Mississippi","28","2024 (provisional)","2024","Renal failure","N17-N19",353,2943045,12.0,9.4
"Total","Census Region 3: South","CENS-R3","Mississippi","28","2024 (provisional)","2024",,,703,2943045,23.9,18.8
,"Census Region 3: South","CENS-R3","Mississippi","28","2025 (provisional and partial)","2025","Other bacterial diseases","A30-A49",379,2943045,12.9,10.2
,"Census Region 3: South","CENS-R3","Mississippi","28","2025 (provisional and partial)","2025","Renal failure","N17-N19",381,2943045,12.9,10.3
"Total","Census Region 3: South","CENS-R3","Mississippi","28","2025 (provisional and partial)","2025",,,760,2943045,25.8,20.5
,"Census Region 3: South","CENS-R3","Mississippi","28","2026 (provisional and partial)","2026","Other bacterial diseases","A30-A49",23,2943045,0.8,0.6
,"Census Region 3: South","CENS-R3","Mississippi","28","2026 (provisional and partial)","2026","Renal failure","N17-N19",23,2943045,0.8,0.6
"Total","Census Region 3: South","CENS-R3","Mississippi","28","2026 (provisional and partial)","2026",,,46,2943045,1.6,1.2
"Total","Census Region 3: South","CENS-R3","Mississippi","28",,,,,5461,26588312,20.5,16.7
,"Census Region 3: South","CENS-R3","Tennessee","47","2018","2018","Other bacterial diseases","A30-A49",458,6770010,6.8,5.6
,"Census Region 3: South","CENS-R3","Tennessee","47","2018","2018","Renal failure","N17-N19",464,6770010,6.9,5.7
"Total","Census Region 3: South","CENS-R3","Tennessee","47","2018","2018",,,922,6770010,13.6,11.3
,"Census Region 3: South","CENS-R3","Tennessee","47","2019","2019","Other bacterial diseases","A30-A49",520,6829174,7.6,6.1
,"Census Region 3: South","CENS-R3","Tennessee","47","2019","2019","Renal failure","N17-N19",529,6829174,7.7,6.2
"Total","Census Region 3: South","CENS-R3","Tennessee","47","2019","2019",,,1049,6829174,15.4,12.4
,"Census Region 3: South","CENS-R3","Tennessee","47","2020","2020","Other bacterial diseases","A30-A49",620,6886834,9.0,7.2
,"Census Region 3: South","CENS-R3","Tennessee","47","2020","2020","Renal failure","N17-N19",631,6886834,9.2,7.3
"Total","Census Region 3: South","CENS-R3","Tennessee","47","2020","2020",,,1251,6886834,18.2,14.5
,"Census Region 3: South","CENS-R3","Tennessee","47","2021","2021","Other bacterial diseases","A30-A49",1128,6975218,16.2,13.1
,"Census Region 3: South","CENS-R3","Tennessee","47","2021","2021","Renal failure","N17-N19",1142,6975218,16.4,13.3
"Total","Census Region 3: South","CENS-R3","Tennessee","47","2021","2021",,,2270,6975218,32.5,26.4
,"Census Region 3: South","CENS-R3","Tennessee","47","2022","2022","Other bacterial diseases","A30-A49",1191,7051339,16.9,13.5
,"Census Region 3: South","CENS-R3","Tennessee","47","2022","2022","Renal failure","N17-N19",1212,7051339,17.2,13.7
"Total","Census Region 3: South","CENS-R3","Tennessee","47","2022","2022",,,2403,7051339,34.1,27.2
,"Census Region 3: South","CENS-R3","Tennessee","47","2023","2023","Other bacterial diseases","A30-A49",1073,7126489,15.1,12.2
,"Census Region 3: South","CENS-R3","Tennessee","47","2023","2023","Renal failure","N17-N19",1079,7126489,15.1,12.3
"Total","Census Region 3: South","CENS-R3","Tennessee","47","2023","2023",,,2152,7126489,30.2,24.6
,"Census Region 3: South","CENS-R3","Tennessee","47","2024 (provisional)","2024","Other bacterial diseases","A30-A49",970,7227750,13.4,10.7
,"Census Region 3: South","CENS-R3","Tennessee","47","2024 (provisional)","2024","Renal failure","N17-N19",982,7227750,13.6,10.8
"Total","Census Region 3: South","CENS-R3","Tennessee","47","2024 (provisional)","2024",,,1952,7227750,27.0,21.5
,"Census Region 3: South","CENS-R3","Tennessee","47","2025 (provisional and partial)","2025","Other bacterial diseases","A30-A49",943,7227750,13.0,10.3
,"Census Region 3: South","CENS-R3","Tennessee","47","2025 (provisional and partial)","2025","Renal failure","N17-N19",950,7227750,13.1,10.4
"Total","Census Region 3: South","CENS-R3","Tennessee","47","2025 (provisional and partial)","2025",,,1893,7227750,26.2,20.8
,"Census Region 3: South","CENS-R3","Tennessee","47","2026 (provisional and partial)","2026","Other bacterial diseases","A30-A49",36,7227750,0.5,0.4
,"Census Region 3: South","CENS-R3","Tennessee","47","2026 (provisional and partial)","2026","Renal failure","N17-N19",36,7227750,0.5,0.4
"Total","Census Region 3: South","CENS-R3","Tennessee","47","2026 (provisional and partial)","2026",,,72,7227750,1.0,0.8
"Total","Census Region 3: South","CENS-R3","Tennessee","47",,,,,13964,63322314,22.1,17.7
,"Census Region 3: South","CENS-R3","Arkansas","05","2018","2018","Other bacterial diseases","A30-A49",259,3013825,8.6,6.9
,"Census Region 3: South","CENS-R3","Arkansas","05","2018","2018","Renal failure","N17-N19",263,3013825,8.7,7.0
"Total","Census Region 3: South","CENS-R3","Arkansas","05","2018","2018",,,522,3013825,17.3,14.0
,"Census Region 3: South","CENS-R3","Arkansas","05","2019","2019","Other bacterial diseases","A30-A49",286,3017804,9.5,7.6
,"Census Region 3: South","CENS-R3","Arkansas","05","2019","2019","Renal failure","N17-N19",287,3017804,9.5,7.7
"Total","Census Region 3: South","CENS-R3","Arkansas","05","2019","2019",,,573,3017804,19.0,15.3
,"Census Region 3: South","CENS-R3","Arkansas","05","2020","2020","Other bacterial diseases","A30-A49",329,3030522,10.9,8.5
,"Census Region 3: South","CENS-R3","Arkansas","05","2020","2020","Renal failure","N17-N19",331,3030522,10.9,8.6
"Total","Census Region 3: South","CENS-R3","Arkansas","05","2020","2020",,,660,3030522,21.8,17.0
,"Census Region 3: South","CENS-R3","Arkansas","05","2021","2021","Other bacterial diseases","A30-A49",442,3025891,14.6,12.0
,"Census Region 3: South","CENS-R3","Arkansas","05","2021","2021","Renal failure","N17-N19",447,3025891,14.8,12.2
"Total","Census Region 3: South","CENS-R3","Arkansas","05","2021","2021",,,889,3025891,29.4,24.2
,"Census Region 3: South","CENS-R3","Arkansas","05","2022","2022","Other bacterial diseases","A30-A49",508,3045637,16.7,13.2
,"Census Region 3: South","CENS-R3","Arkansas","05","2022","2022","Renal failure","N17-N19",514,3045637,16.9,13.4
"Total","Census Region 3: South","CENS-R3","Arkansas","05","2022","2022",,,1022,3045637,33.6,26.6
,"Census Region 3: South","CENS-R3","Arkansas","05","2023","2023","Other bacterial diseases","A30-A49",477,3067732,15.5,12.1
,"Census Region 3: South","CENS-R3","Arkansas","05","2023","2023","Renal failure","N17-N19",483,3067732,15.7,12.2
"Total","Census Region 3: South","CENS-R3","Arkansas","05","2023","2023",,,960,3067732,31.3,24.2
,"Census Region 3: South","CENS-R3","Arkansas","05","2024 (provisional)","2024","Other bacterial diseases","A30-A49",497,3088354,16.1,12.6
,"Census Region 3: South","CENS-R3","Arkansas","05","2024 (provisional)","2024","Renal failure","N17-N19",500,3088354,16.2,12.7
"Total","Census Region 3: South","CENS-R3","Arkansas","05","2024 (provisional)","2024",,,997,3088354,32.3,25.4
,"Census Region 3: South","CENS-R3","Arkansas","05","2025 (provisional and partial)","2025","Other bacterial diseases","A30-A49",473,3088354,15.3,11.8
,"Census Region 3: South","CENS-R3","Arkansas","05","2025 (provisional and partial)","2025","Renal failure","N17-N19",474,3088354,15.3,11.8
"Total","Census Region 3: South","CENS-R3","Arkansas","05","2025 (provisional and partial)","2025",,,947,3088354,30.7,23.7
,"Census Region 3: South","CENS-R3","Arkansas","05","2026 (provisional and partial)","2026","Other bacterial diseases","A30-A49",27,3088354,0.9,0.6
,"Census Region 3: South","CENS-R3","Arkansas","05","2026 (provisional and partial)","2026","Renal failure","N17-N19",27,3088354,0.9,0.6
"Total","Census Region 3: South","CENS-R3","Arkansas","05","2026 (provisional and partial)","2026",,,54,3088354,1.7,1.3
"Total","Census Region 3: South","CENS-R3","Arkansas","05",,,,,6624,27466473,24.1,19.1
,"Census Region 3: South","CENS-R3","Louisiana","22","2018","2018","Other bacterial diseases","A30-A49",237,4659978,5.1,4.4
,"Census Region 3: South","CENS-R3","Louisiana","22","2018","2018","Renal failure","N17-N19",240,4659978,5.2,4.4
"Total","Census Region 3: South","CENS-R3","Louisiana","22","2018","2018",,,477,4659978,10.2,8.8
,"Census Region 3: South","CENS-R3","Louisiana","22","2019","2019","Other bacterial diseases","A30-A49",192,4648794,4.1,3.5
,"Census Region 3: South","CENS-R3","Louisiana","22","2019","2019","Renal failure","N17-N19",193,4648794,4.2,3.5
"Total","Census Region 3: South","CENS-R3","Louisiana","22","2019","2019",,,385,4648794,8.3,6.9
,"Census Region 3: South","CENS-R3","Louisiana","22","2020","2020","Other bacterial diseases","A30-A49",315,4645318,6.8,5.7
,"Census Region 3: South","CENS-R3","Louisiana","22","2020","2020","Renal failure","N17-N19",319,4645318,6.9,5.7
"Total","Census Region 3: South","CENS-R3","Louisiana","22","2020","2020",,,634,4645318,13.6,11.4
,"Census Region 3: South","CENS-R3","Louisiana","22","2021","2021","Other bacterial diseases","A30-A49",430,4624047,9.3,8.0
,"Census Region 3: South","CENS-R3","Louisiana","22","2021","2021","Renal failure","N17-N19",432,4624047,9.3,8.0
"Total","Census Region 3: South","CENS-R3","Louisiana","22","2021","2021",,,862,4624047,18.6,15.9
,"Census Region 3: South","CENS-R3","Louisiana","22","2022","2022","Other bacterial diseases","A30-A49",400,4590241,8.7,7.3
,"Census Region 3: South","CENS-R3","Louisiana","22","2022","2022","Renal failure","N17-N19",404,4590241,8.8,7.4
"Total","Census Region 3: South","CENS-R3","Louisiana","22","2022","2022",,,804,4590241,17.5,14.6
,"Census Region 3: South","CENS-R3","Louisiana","22","2023","2023","Other bacterial diseases","A30-A49",362,4573749,7.9,6.4
,"Census Region 3: South","CENS-R3","Louisiana","22","2023","2023","Renal failure","N17-N19",365,4573749,8.0,6.5
"Total","Census Region 3: South","CENS-R3","Louisiana","22","2023","2023",,,727,4573749,15.9,12.9
,"Census Region 3: South","CENS-R3","Louisiana","22","2024 (provisional)","2024","Other bacterial diseases","A30-A49",376,4597740,8.2,6.7
,"Census Region 3: South","CENS-R3","Louisiana","22","2024 (provisional)","2024","Renal failure","N17-N19",382,4597740,8.3,6.8
"Total","Census Region 3: South","CENS-R3","Louisiana","22","2024 (provisional)","2024",,,758,4597740,16.5,13.4
,"Census Region 3: South","CENS-R3","Louisiana","22","2025 (provisional and partial)","2025","Other bacterial diseases","A30-A49",378,4597740,8.2,6.6
,"Census Region 3: South","CENS-R3","Louisiana","22","2025 (provisional and partial)","2025","Renal failure","N17-N19",379,4597740,8.2,6.6
"Total","Census Region 3: South","CENS-R3","Louisiana","22","2025 (provisional and partial)","2025",,,757,4597740,16.5,13.3
,"Census Region 3: South","CENS-R3","Louisiana","22","2026 (provisional and partial)","2026","Other bacterial diseases","A30-A49",10,4597740,Unreliable,Unreliable
,"Census Region 3: South","CENS-R3","Louisiana","22","2026 (provisional and partial)","2026","Renal failure","N17-N19",10,4597740,Unreliable,Unreliable
"Total","Census Region 3: South","CENS-R3","Louisiana","22","2026 (provisional and partial)","2026",,,20,4597740,0.4,0.4
"Total","Census Region 3: South","CENS-R3","Louisiana","22",,,,,5424,41535347,13.1,10.8
,"Census Region 3: South","CENS-R3","Oklahoma","40","2018","2018","Other bacterial diseases","A30-A49",274,3943079,6.9,6.0
,"Census Region 3: South","CENS-R3","Oklahoma","40","2018","2018","Renal failure","N17-N19",276,3943079,7.0,6.0
"Total","Census Region 3: South","CENS-R3","Oklahoma","40","2018","2018",,,550,3943079,13.9,12.0
,"Census Region 3: South","CENS-R3","Oklahoma","40","2019","2019","Other bacterial diseases","A30-A49",251,3956971,6.3,5.3
,"Census Region 3: South","CENS-R3","Oklahoma","40","2019","2019","Renal failure","N17-N19",256,3956971,6.5,5.4
"Total","Census Region 3: South","CENS-R3","Oklahoma","40","2019","2019",,,507,3956971,12.8,10.7
,"Census Region 3: South","CENS-R3","Oklahoma","40","2020","2020","Other bacterial diseases","A30-A49",344,3980783,8.6,7.1
,"Census Region 3: South","CENS-R3","Oklahoma","40","2020","2020","Renal failure","N17-N19",349,3980783,8.8,7.2
"Total","Census Region 3: South","CENS-R3","Oklahoma","40","2020","2020",,,693,3980783,17.4,14.4
,"Census Region 3: South","CENS-R3","Oklahoma","40","2021","2021","Other bacterial diseases","A30-A49",541,3986639,13.6,11.6
,"Census Region 3: South","CENS-R3","Oklahoma","40","2021","2021","Renal failure","N17-N19",554,3986639,13.9,11.9
"Total","Census Region 3: South","CENS-R3","Oklahoma","40","2021","2021",,,1095,3986639,27.5,23.5
,"Census Region 3: South","CENS-R3","Oklahoma","40","2022","2022","Other bacterial diseases","A30-A49",595,4019800,14.8,12.5
,"Census Region 3: South","CENS-R3","Oklahoma","40","2022","2022","Renal failure","N17-N19",603,4019800,15.0,12.6
"Total","Census Region 3: South","CENS-R3","Oklahoma","40","2022","2022",,,1198,4019800,29.8,25.1
,"Census Region 3: South","CENS-R3","Oklahoma","40","2023","2023","Other bacterial diseases","A30-A49",463,4053824,11.4,9.8
,"Census Region 3: South","CENS-R3","Oklahoma","40","2023","2023","Renal failure","N17-N19",473,4053824,11.7,10.0
"Total","Census Region 3: South","CENS-R3","Oklahoma","40","2023","2023",,,936,4053824,23.1,19.9
,"Census Region 3: South","CENS-R3","Oklahoma","40","2024 (provisional)","2024","Other bacterial diseases","A30-A49",462,4095393,11.3,9.6
,"Census Region 3: South","CENS-R3","Oklahoma","40","2024 (provisional)","2024","Renal failure","N17-N19",475,4095393,11.6,9.8
"Total","Census Region 3: South","CENS-R3","Oklahoma","40","2024 (provisional)","2024",,,937,4095393,22.9,19.4
,"Census Region 3: South","CENS-R3","Oklahoma","40","2025 (provisional and partial)","2025","Other bacterial diseases","A30-A49",385,4095393,9.4,7.8
,"Census Region 3: South","CENS-R3","Oklahoma","40","2025 (provisional and partial)","2025","Renal failure","N17-N19",389,4095393,9.5,7.9
"Total","Census Region 3: South","CENS-R3","Oklahoma","40","2025 (provisional and partial)","2025",,,774,4095393,18.9,15.7
"Total","Census Region 3: South","CENS-R3","Oklahoma","40","2026 (provisional and partial)","2026",,,10,4095393,Unreliable,Unreliable
"Total","Census Region 3: South","CENS-R3","Oklahoma","40",,,,,6700,36227275,18.5,15.6
,"Census Region 3: South","CENS-R3","Texas","48","2018","2018","Other bacterial diseases","A30-A49",2790,28701845,9.7,10.0
,"Census Region 3: South","CENS-R3","Texas","48","2018","2018","Renal failure","N17-N19",2887,28701845,10.1,10.3
"Total","Census Region 3: South","CENS-R3","Texas","48","2018","2018",,,5677,28701845,19.8,20.2
,"Census Region 3: South","CENS-R3","Texas","48","2019","2019","Other bacterial diseases","A30-A49",2363,28995881,8.1,8.3
,"Census Region 3: South","CENS-R3","Texas","48","2019","2019","Renal failure","N17-N19",2425,28995881,8.4,8.5
"Total","Census Region 3: South","CENS-R3","Texas","48","2019","2019",,,4788,28995881,16.5,16.7
,"Census Region 3: South","CENS-R3","Texas","48","2020","2020","Other bacterial diseases","A30-A49",3484,29360759,11.9,11.7
,"Census Region 3: South","CENS-R3","Texas","48","2020","2020","Renal failure","N17-N19",3577,29360759,12.2,12.0
"Total","Census Region 3: South","CENS-R3","Texas","48","2020","2020",,,7061,29360759,24.0,23.6
,"Census Region 3: South","CENS-R3","Texas","48","2021","2021","Other bacterial diseases","A30-A49",4407,29527941,14.9,14.9
,"Census Region 3: South","CENS-R3","Texas","48","2021","2021","Renal failure","N17-N19",4532,29527941,15.3,15.4
"Total","Census Region 3: South","CENS-R3","Texas","48","2021","2021",,,8939,29527941,30.3,30.3
,"Census Region 3: South","CENS-R3","Texas","48","2022","2022","Other bacterial diseases","A30-A49",4266,30029572,14.2,14.1
,"Census Region 3: South","CENS-R3","Texas","48","2022","2022","Renal failure","N17-N19",4363,30029572,14.5,14.4
"Total","Census Region 3: South","CENS-R3","Texas","48","2022","2022",,,8629,30029572,28.7,28.5
,"Census Region 3: South","CENS-R3","Texas","48","2023","2023","Other bacterial diseases","A30-A49",3730,30503301,12.2,12.1
,"Census Region 3: South","CENS-R3","Texas","48","2023","2023","Renal failure","N17-N19",3815,30503301,12.5,12.4
"Total","Census Region 3: South","CENS-R3","Texas","48","2023","2023",,,7545,30503301,24.7,24.5
,"Census Region 3: South","CENS-R3","Texas","48","2024 (provisional)","2024","Other bacterial diseases","A30-A49",3547,31290831,11.3,11.0
,"Census Region 3: South","CENS-R3","Texas","48","2024 (provisional)","2024","Renal failure","N17-N19",3650,31290831,11.7,11.3
"Total","Census Region 3: South","CENS-R3","Texas","48","2024 (provisional)","2024",,,7197,31290831,23.0,22.3
,"Census Region 3: South","CENS-R3","Texas","48","2025 (provisional and partial)","2025","Other bacterial diseases","A30-A49",3362,31290831,10.7,10.4
,"Census Region 3: South","CENS-R3","Texas","48","2025 (provisional and partial)","2025","Renal failure","N17-N19",3461,31290831,11.1,10.8
"Total","Census Region 3: South","CENS-R3","Texas","48","2025 (provisional and partial)","2025",,,6823,31290831,21.8,21.2
,"Census Region 3: South","CENS-R3","Texas","48","2026 (provisional and partial)","2026","Other bacterial diseases","A30-A49",124,31290831,0.4,0.4
,"Census Region 3: South","CENS-R3","Texas","48","2026 (provisional and partial)","2026","Renal failure","N17-N19",128,31290831,0.4,0.4
"Total","Census Region 3: South","CENS-R3","Texas","48","2026 (provisional and partial)","2026",,,252,31290831,0.8,0.8
"Total","Census Region 3: South","CENS-R3","Texas","48",,,,,56911,270991792,21.0,20.8
"Total","Census Region 3: South","CENS-R3",,,,,,,217067,1161061040,18.7,15.2
,"Census Region 4: West","CENS-R4","Arizona","04","2018","2018","Other bacterial diseases","A30-A49",264,7171646,3.7,2.9
,"Census Region 4: West","CENS-R4","Arizona","04","2018","2018","Renal failure","N17-N19",268,7171646,3.7,3.0
"Total","Census Region 4: West","CENS-R4","Arizona","04","2018","2018",,,532,7171646,7.4,6.0
,"Census Region 4: West","CENS-R4","Arizona","04","2019","2019","Other bacterial diseases","A30-A49",258,7278717,3.5,2.8
,"Census Region 4: West","CENS-R4","Arizona","04","2019","2019","Renal failure","N17-N19",259,7278717,3.6,2.8
"Total","Census Region 4: West","CENS-R4","Arizona","04","2019","2019",,,517,7278717,7.1,5.7
,"Census Region 4: West","CENS-R4","Arizona","04","2020","2020","Other bacterial diseases","A30-A49",402,7421401,5.4,4.2
,"Census Region 4: West","CENS-R4","Arizona","04","2020","2020","Renal failure","N17-N19",403,7421401,5.4,4.2
"Total","Census Region 4: West","CENS-R4","Arizona","04","2020","2020",,,805,7421401,10.8,8.3
,"Census Region 4: West","CENS-R4","Arizona","04","2021","2021","Other bacterial diseases","A30-A49",579,7276316,8.0,6.3
,"Census Region 4: West","CENS-R4","Arizona","04","2021","2021","Renal failure","N17-N19",584,7276316,8.0,6.4
"Total","Census Region 4: West","CENS-R4","Arizona","04","2021","2021",,,1163,7276316,16.0,12.7
,"Census Region 4: West","CENS-R4","Arizona","04","2022","2022","Other bacterial diseases","A30-A49",604,7359197,8.2,6.3
,"Census Region 4: West","CENS-R4","Arizona","04","2022","2022","Renal failure","N17-N19",607,7359197,8.2,6.3
"Total","Census Region 4: West","CENS-R4","Arizona","04","2022","2022",,,1211,7359197,16.5,12.6
,"Census Region 4: West","CENS-R4","Arizona","04","2023","2023","Other bacterial diseases","A30-A49",575,7431344,7.7,5.8
,"Census Region 4: West","CENS-R4","Arizona","04","2023","2023","Renal failure","N17-N19",582,7431344,7.8,5.8
"Total","Census Region 4: West","CENS-R4","Arizona","04","2023","2023",,,1157,7431344,15.6,11.6
,"Census Region 4: West","CENS-R4","Arizona","04","2024 (provisional)","2024","Other bacterial diseases","A30-A49",579,7582384,7.6,5.6
,"Census Region 4: West","CENS-R4","Arizona","04","2024 (provisional)","2024","Renal failure","N17-N19",585,7582384,7.7,5.7
"Total","Census Region 4: West","CENS-R4","Arizona","04","2024 (provisional)","2024",,,1164,7582384,15.4,11.3
,"Census Region 4: West","CENS-R4","Arizona","04","2025 (provisional and partial)","2025","Other bacterial diseases","A30-A49",559,7582384,7.4,5.5
,"Census Region 4: West","CENS-R4","Arizona","04","2025 (provisional and partial)","2025","Renal failure","N17-N19",559,7582384,7.4,5.5
"Total","Census Region 4: West","CENS-R4","Arizona","04","2025 (provisional and partial)","2025",,,1118,7582384,14.7,10.9
,"Census Region 4: West","CENS-R4","Arizona","04","2026 (provisional and partial)","2026","Other bacterial diseases","A30-A49",20,7582384,0.3,0.2
,"Census Region 4: West","CENS-R4","Arizona","04","2026 (provisional and partial)","2026","Renal failure","N17-N19",20,7582384,0.3,0.2
"Total","Census Region 4: West","CENS-R4","Arizona","04","2026 (provisional and partial)","2026",,,40,7582384,0.5,0.4
"Total","Census Region 4: West","CENS-R4","Arizona","04",,,,,7707,66685773,11.6,8.8
,"Census Region 4: West","CENS-R4","Colorado","08","2018","2018","Other bacterial diseases","A30-A49",266,5695564,4.7,4.4
,"Census Region 4: West","CENS-R4","Colorado","08","2018","2018","Renal failure","N17-N19",268,5695564,4.7,4.5
"Total","Census Region 4: West","CENS-R4","Colorado","08","2018","2018",,,534,5695564,9.4,8.9
,"Census Region 4: West","CENS-R4","Colorado","08","2019","2019","Other bacterial diseases","A30-A49",202,5758736,3.5,3.2
,"Census Region 4: West","CENS-R4","Colorado","08","2019","2019","Renal failure","N17-N19",203,5758736,3.5,3.2
"Total","Census Region 4: West","CENS-R4","Colorado","08","2019","2019",,,405,5758736,7.0,6.5
,"Census Region 4: West","CENS-R4","Colorado","08","2020","2020","Other bacterial diseases","A30-A49",345,5807719,5.9,5.4
,"Census Region 4: West","CENS-R4","Colorado","08","2020","2020","Renal failure","N17-N19",349,5807719,6.0,5.4
"Total","Census Region 4: West","CENS-R4","Colorado","08","2020","2020",,,694,5807719,11.9,10.8
,"Census Region 4: West","CENS-R4","Colorado","08","2021","2021","Other bacterial diseases","A30-A49",687,5812069,11.8,10.8
,"Census Region 4: West","CENS-R4","Colorado","08","2021","2021","Renal failure","N17-N19",705,5812069,12.1,11.1
"Total","Census Region 4: West","CENS-R4","Colorado","08","2021","2021",,,1392,5812069,24.0,21.9
,"Census Region 4: West","CENS-R4","Colorado","08","2022","2022","Other bacterial diseases","A30-A49",758,5839926,13.0,11.7
,"Census Region 4: West","CENS-R4","Colorado","08","2022","2022","Renal failure","N17-N19",774,5839926,13.3,11.9
"Total","Census Region 4: West","CENS-R4","Colorado","08","2022","2022",,,1532,5839926,26.2,23.5
,"Census Region 4: West","CENS-R4","Colorado","08","2023","2023","Other bacterial diseases","A30-A49",683,5877610,11.6,10.4
,"Census Region 4: West","CENS-R4","Colorado","08","2023","2023","Renal failure","N17-N19",692,5877610,11.8,10.5
"Total","Census Region 4: West","CENS-R4","Colorado","08","2023","2023",,,1375,5877610,23.4,20.9
,"Census Region 4: West","CENS-R4","Colorado","08","2024 (provisional)","2024","Other bacterial diseases","A30-A49",694,5957493,11.6,10.1
,"Census Region 4: West","CENS-R4","Colorado","08","2024 (provisional)","2024","Renal failure","N17-N19",702,5957493,11.8,10.2
"Total","Census Region 4: West","CENS-R4","Colorado","08","2024 (provisional)","2024",,,1396,5957493,23.4,20.3
,"Census Region 4: West","CENS-R4","Colorado","08","2025 (provisional and partial)","2025","Other bacterial diseases","A30-A49",670,5957493,11.2,9.7
,"Census Region 4: West","CENS-R4","Colorado","08","2025 (provisional and partial)","2025","Renal failure","N17-N19",682,5957493,11.4,9.9
"Total","Census Region 4: West","CENS-R4","Colorado","08","2025 (provisional and partial)","2025",,,1352,5957493,22.7,19.6
,"Census Region 4: West","CENS-R4","Colorado","08","2026 (provisional and partial)","2026","Other bacterial diseases","A30-A49",40,5957493,0.7,0.6
,"Census Region 4: West","CENS-R4","Colorado","08","2026 (provisional and partial)","2026","Renal failure","N17-N19",40,5957493,0.7,0.6
"Total","Census Region 4: West","CENS-R4","Colorado","08","2026 (provisional and partial)","2026",,,80,5957493,1.3,1.2
"Total","Census Region 4: West","CENS-R4","Colorado","08",,,,,8760,52664103,16.6,14.9
,"Census Region 4: West","CENS-R4","Idaho","16","2018","2018","Other bacterial diseases","A30-A49",58,1754208,3.3,2.9
,"Census Region 4: West","CENS-R4","Idaho","16","2018","2018","Renal failure","N17-N19",58,1754208,3.3,2.9
"Total","Census Region 4: West","CENS-R4","Idaho","16","2018","2018",,,116,1754208,6.6,5.7
,"Census Region 4: West","CENS-R4","Idaho","16","2019","2019","Other bacterial diseases","A30-A49",69,1787065,3.9,3.4
,"Census Region 4: West","CENS-R4","Idaho","16","2019","2019","Renal failure","N17-N19",72,1787065,4.0,3.5
"Total","Census Region 4: West","CENS-R4","Idaho","16","2019","2019",,,141,1787065,7.9,6.9
,"Census Region 4: West","CENS-R4","Idaho","16","2020","2020","Other bacterial diseases","A30-A49",82,1826913,4.5,3.7
,"Census Region 4: West","CENS-R4","Idaho","16","2020","2020","Renal failure","N17-N19",87,1826913,4.8,3.9
"Total","Census Region 4: West","CENS-R4","Idaho","16","2020","2020",,,169,1826913,9.3,7.5
,"Census Region 4: West","CENS-R4","Idaho","16","2021","2021","Other bacterial diseases","A30-A49",138,1900923,7.3,6.2
,"Census Region 4: West","CENS-R4","Idaho","16","2021","2021","Renal failure","N17-N19",148,1900923,7.8,6.6
"Total","Census Region 4: West","CENS-R4","Idaho","16","2021","2021",,,286,1900923,15.0,12.7
,"Census Region 4: West","CENS-R4","Idaho","16","2022","2022","Other bacterial diseases","A30-A49",142,1939033,7.3,6.3
,"Census Region 4: West","CENS-R4","Idaho","16","2022","2022","Renal failure","N17-N19",149,1939033,7.7,6.6
"Total","Census Region 4: West","CENS-R4","Idaho","16","2022","2022",,,291,1939033,15.0,12.9
,"Census Region 4: West","CENS-R4","Idaho","16","2023","2023","Other bacterial diseases","A30-A49",169,1964726,8.6,7.3
,"Census Region 4: West","CENS-R4","Idaho","16","2023","2023","Renal failure","N17-N19",176,1964726,9.0,7.6
"Total","Census Region 4: West","CENS-R4","Idaho","16","2023","2023",,,345,1964726,17.6,14.9
,"Census Region 4: West","CENS-R4","Idaho","16","2024 (provisional)","2024","Other bacterial diseases","A30-A49",149,2001619,7.4,6.1
,"Census Region 4: West","CENS-R4","Idaho","16","2024 (provisional)","2024","Renal failure","N17-N19",151,2001619,7.5,6.2
"Total","Census Region 4: West","CENS-R4","Idaho","16","2024 (provisional)","2024",,,300,2001619,15.0,12.3
,"Census Region 4: West","CENS-R4","Idaho","16","2025 (provisional and partial)","2025","Other bacterial diseases","A30-A49",130,2001619,6.5,5.4
,"Census Region 4: West","CENS-R4","Idaho","16","2025 (provisional and partial)","2025","Renal failure","N17-N19",131,2001619,6.5,5.4
"Total","Census Region 4: West","CENS-R4","Idaho","16","2025 (provisional and partial)","2025",,,261,2001619,13.0,10.8
,"Census Region 4: West","CENS-R4","Idaho","16","2026 (provisional and partial)","2026","Other bacterial diseases","A30-A49",13,2001619,Unreliable,Unreliable
,"Census Region 4: West","CENS-R4","Idaho","16","2026 (provisional and partial)","2026","Renal failure","N17-N19",13,2001619,Unreliable,Unreliable
"Total","Census Region 4: West","CENS-R4","Idaho","16","2026 (provisional and partial)","2026",,,26,2001619,1.3,1.1
"Total","Census Region 4: West","CENS-R4","Idaho","16",,,,,1935,17177725,11.3,9.5
,"Census Region 4: West","CENS-R4","Montana","30","2018","2018","Other bacterial diseases","A30-A49",48,1062305,4.5,3.3
,"Census Region 4: West","CENS-R4","Montana","30","2018","2018","Renal failure","N17-N19",48,1062305,4.5,3.3
"Total","Census Region 4: West","CENS-R4","Montana","30","2018","2018",,,96,1062305,9.0,6.6
,"Census Region 4: West","CENS-R4","Montana","30","2019","2019","Other bacterial diseases","A30-A49",46,1068778,4.3,3.5
,"Census Region 4: West","CENS-R4","Montana","30","2019","2019","Renal failure","N17-N19",46,1068778,4.3,3.5
"Total","Census Region 4: West","CENS-R4","Montana","30","2019","2019",,,92,1068778,8.6,7.1
,"Census Region 4: West","CENS-R4","Montana","30","2020","2020","Other bacterial diseases","A30-A49",60,1080577,5.6,4.2
,"Census Region 4: West","CENS-R4","Montana","30","2020","2020","Renal failure","N17-N19",61,1080577,5.6,4.3
"Total","Census Region 4: West","CENS-R4","Montana","30","2020","2020",,,121,1080577,11.2,8.6
,"Census Region 4: West","CENS-R4","Montana","30","2021","2021","Other bacterial diseases","A30-A49",149,1104271,13.5,10.6
,"Census Region 4: West","CENS-R4","Montana","30","2021","2021","Renal failure","N17-N19",152,1104271,13.8,10.8
"Total","Census Region 4: West","CENS-R4","Montana","30","2021","2021",,,301,1104271,27.3,21.3
,"Census Region 4: West","CENS-R4","Montana","30","2022","2022","Other bacterial diseases","A30-A49",147,1122867,13.1,9.9
,"Census Region 4: West","CENS-R4","Montana","30","2022","2022","Renal failure","N17-N19",148,1122867,13.2,10.0
"Total","Census Region 4: West","CENS-R4","Montana","30","2022","2022",,,295,1122867,26.3,20.0
,"Census Region 4: West","CENS-R4","Montana","30","2023","2023","Other bacterial diseases","A30-A49",93,1132812,8.2,6.0
,"Census Region 4: West","CENS-R4","Montana","30","2023","2023","Renal failure","N17-N19",93,1132812,8.2,6.0
"Total","Census Region 4: West","CENS-R4","Montana","30","2023","2023",,,186,1132812,16.4,12.0
,"Census Region 4: West","CENS-R4","Montana","30","2024 (provisional)","2024","Other bacterial diseases","A30-A49",99,1137233,8.7,6.2
,"Census Region 4: West","CENS-R4","Montana","30","2024 (provisional)","2024","Renal failure","N17-N19",101,1137233,8.9,6.3
"Total","Census Region 4: West","CENS-R4","Montana","30","2024 (provisional)","2024",,,200,1137233,17.6,12.5
,"Census Region 4: West","CENS-R4","Montana","30","2025 (provisional and partial)","2025","Other bacterial diseases","A30-A49",98,1137233,8.6,6.2
,"Census Region 4: West","CENS-R4","Montana","30","2025 (provisional and partial)","2025","Renal failure","N17-N19",100,1137233,8.8,6.3
"Total","Census Region 4: West","CENS-R4","Montana","30","2025 (provisional and partial)","2025",,,198,1137233,17.4,12.5
"Total","Census Region 4: West","CENS-R4","Montana","30","2026 (provisional and partial)","2026",,,10,1137233,Unreliable,Unreliable
"Total","Census Region 4: West","CENS-R4","Montana","30",,,,,1499,9983309,15.0,11.2
,"Census Region 4: West","CENS-R4","Nevada","32","2018","2018","Other bacterial diseases","A30-A49",205,3034392,6.8,5.9
,"Census Region 4: West","CENS-R4","Nevada","32","2018","2018","Renal failure","N17-N19",205,3034392,6.8,5.9
"Total","Census Region 4: West","CENS-R4","Nevada","32","2018","2018",,,410,3034392,13.5,11.7
,"Census Region 4: West","CENS-R4","Nevada","32","2019","2019","Other bacterial diseases","A30-A49",175,3080156,5.7,4.9
,"Census Region 4: West","CENS-R4","Nevada","32","2019","2019","Renal failure","N17-N19",176,3080156,5.7,5.0
"Total","Census Region 4: West","CENS-R4","Nevada","32","2019","2019",,,351,3080156,11.4,9.9
,"Census Region 4: West","CENS-R4","Nevada","32","2020","2020","Other bacterial diseases","A30-A49",224,3138259,7.1,5.9
,"Census Region 4: West","CENS-R4","Nevada","32","2020","2020","Renal failure","N17-N19",228,3138259,7.3,6.0
"Total","Census Region 4: West","CENS-R4","Nevada","32","2020","2020",,,452,3138259,14.4,12.0
,"Census Region 4: West","CENS-R4","Nevada","32","2021","2021","Other bacterial diseases","A30-A49",350,3143991,11.1,9.6
,"Census Region 4: West","CENS-R4","Nevada","32","2021","2021","Renal failure","N17-N19",357,3143991,11.4,9.8
"Total","Census Region 4: West","CENS-R4","Nevada","32","2021","2021",,,707,3143991,22.5,19.3
,"Census Region 4: West","CENS-R4","Nevada","32","2022","2022","Other bacterial diseases","A30-A49",387,3177772,12.2,10.2
,"Census Region 4: West","CENS-R4","Nevada","32","2022","2022","Renal failure","N17-N19",395,3177772,12.4,10.4
"Total","Census Region 4: West","CENS-R4","Nevada","32","2022","2022",,,782,3177772,24.6,20.6
,"Census Region 4: West","CENS-R4","Nevada","32","2023","2023","Other bacterial diseases","A30-A49",325,3194176,10.2,8.5
,"Census Region 4: West","CENS-R4","Nevada","32","2023","2023","Renal failure","N17-N19",332,3194176,10.4,8.7
"Total","Census Region 4: West","CENS-R4","Nevada","32","2023","2023",,,657,3194176,20.6,17.1
,"Census Region 4: West","CENS-R4","Nevada","32","2024 (provisional)","2024","Other bacterial diseases","A30-A49",293,3267467,9.0,7.3
,"Census Region 4: West","CENS-R4","Nevada","32","2024 (provisional)","2024","Renal failure","N17-N19",297,3267467,9.1,7.4
"Total","Census Region 4: West","CENS-R4","Nevada","32","2024 (provisional)","2024",,,590,3267467,18.1,14.6
,"Census Region 4: West","CENS-R4","Nevada","32","2025 (provisional and partial)","2025","Other bacterial diseases","A30-A49",303,3267467,9.3,7.4
,"Census Region 4: West","CENS-R4","Nevada","32","2025 (provisional and partial)","2025","Renal failure","N17-N19",307,3267467,9.4,7.5
"Total","Census Region 4: West","CENS-R4","Nevada","32","2025 (provisional and partial)","2025",,,610,3267467,18.7,14.9
,"Census Region 4: West","CENS-R4","Nevada","32","2026 (provisional and partial)","2026","Other bacterial diseases","A30-A49",16,3267467,Unreliable,Unreliable
,"Census Region 4: West","CENS-R4","Nevada","32","2026 (provisional and partial)","2026","Renal failure","N17-N19",16,3267467,Unreliable,Unreliable
"Total","Census Region 4: West","CENS-R4","Nevada","32","2026 (provisional and partial)","2026",,,32,3267467,1.0,0.8
"Total","Census Region 4: West","CENS-R4","Nevada","32",,,,,4591,28571147,16.1,13.4
,"Census Region 4: West","CENS-R4","New Mexico","35","2018","2018","Other bacterial diseases","A30-A49",137,2095428,6.5,5.5
,"Census Region 4: West","CENS-R4","New Mexico","35","2018","2018","Renal failure","N17-N19",138,2095428,6.6,5.5
"Total","Census Region 4: West","CENS-R4","New Mexico","35","2018","2018",,,275,2095428,13.1,11.0
,"Census Region 4: West","CENS-R4","New Mexico","35","2019","2019","Other bacterial diseases","A30-A49",113,2096829,5.4,4.3
,"Census Region 4: West","CENS-R4","New Mexico","35","2019","2019","Renal failure","N17-N19",119,2096829,5.7,4.5
"Total","Census Region 4: West","CENS-R4","New Mexico","35","2019","2019",,,232,2096829,11.1,8.8
,"Census Region 4: West","CENS-R4","New Mexico","35","2020","2020","Other bacterial diseases","A30-A49",183,2106319,8.7,7.1
,"Census Region 4: West","CENS-R4","New Mexico","35","2020","2020","Renal failure","N17-N19",184,2106319,8.7,7.1
"Total","Census Region 4: West","CENS-R4","New Mexico","35","2020","2020",,,367,2106319,17.4,14.2
,"Census Region 4: West","CENS-R4","New Mexico","35","2021","2021","Other bacterial diseases","A30-A49",249,2115877,11.8,9.6
,"Census Region 4: West","CENS-R4","New Mexico","35","2021","2021","Renal failure","N17-N19",254,2115877,12.0,9.8
"Total","Census Region 4: West","CENS-R4","New Mexico","35","2021","2021",,,503,2115877,23.8,19.4
,"Census Region 4: West","CENS-R4","New Mexico","35","2022","2022","Other bacterial diseases","A30-A49",246,2113344,11.6,9.2
,"Census Region 4: West","CENS-R4","New Mexico","35","2022","2022","Renal failure","N17-N19",249,2113344,11.8,9.4
"Total","Census Region 4: West","CENS-R4","New Mexico","35","2022","2022",,,495,2113344,23.4,18.6
,"Census Region 4: West","CENS-R4","New Mexico","35","2023","2023","Other bacterial diseases","A30-A49",161,2114371,7.6,5.9
,"Census Region 4: West","CENS-R4","New Mexico","35","2023","2023","Renal failure","N17-N19",162,2114371,7.7,6.0
"Total","Census Region 4: West","CENS-R4","New Mexico","35","2023","2023",,,323,2114371,15.3,11.9
,"Census Region 4: West","CENS-R4","New Mexico","35","2024 (provisional)","2024","Other bacterial diseases","A30-A49",183,2130256,8.6,6.7
,"Census Region 4: West","CENS-R4","New Mexico","35","2024 (provisional)","2024","Renal failure","N17-N19",184,2130256,8.6,6.7
"Total","Census Region 4: West","CENS-R4","New Mexico","35","2024 (provisional)","2024",,,367,2130256,17.2,13.4
,"Census Region 4: West","CENS-R4","New Mexico","35","2025 (provisional and partial)","2025","Other bacterial diseases","A30-A49",181,2130256,8.5,6.5
,"Census Region 4: West","CENS-R4","New Mexico","35","2025 (provisional and partial)","2025","Renal failure","N17-N19",183,2130256,8.6,6.6
"Total","Census Region 4: West","CENS-R4","New Mexico","35","2025 (provisional and partial)","2025",,,364,2130256,17.1,13.2
,"Census Region 4: West","CENS-R4","New Mexico","35","2026 (provisional and partial)","2026","Other bacterial diseases","A30-A49",11,2130256,Unreliable,Unreliable
,"Census Region 4: West","CENS-R4","New Mexico","35","2026 (provisional and partial)","2026","Renal failure","N17-N19",11,2130256,Unreliable,Unreliable
"Total","Census Region 4: West","CENS-R4","New Mexico","35","2026 (provisional and partial)","2026",,,22,2130256,1.0,0.7
"Total","Census Region 4: West","CENS-R4","New Mexico","35",,,,,2948,19032936,15.5,12.3
,"Census Region 4: West","CENS-R4","Utah","49","2018","2018","Other bacterial diseases","A30-A49",100,3161105,3.2,3.7
,"Census Region 4: West","CENS-R4","Utah","49","2018","2018","Renal failure","N17-N19",100,3161105,3.2,3.7
"Total","Census Region 4: West","CENS-R4","Utah","49","2018","2018",,,200,3161105,6.3,7.4
,"Census Region 4: West","CENS-R4","Utah","49","2019","2019","Other bacterial diseases","A30-A49",121,3205958,3.8,4.4
,"Census Region 4: West","CENS-R4","Utah","49","2019","2019","Renal failure","N17-N19",121,3205958,3.8,4.4
"Total","Census Region 4: West","CENS-R4","Utah","49","2019","2019",,,242,3205958,7.5,8.7
,"Census Region 4: West","CENS-R4","Utah","49","2020","2020","Other bacterial diseases","A30-A49",137,3249879,4.2,4.7
,"Census Region 4: West","CENS-R4","Utah","49","2020","2020","Renal failure","N17-N19",139,3249879,4.3,4.8
"Total","Census Region 4: West","CENS-R4","Utah","49","2020","2020",,,276,3249879,8.5,9.5
,"Census Region 4: West","CENS-R4","Utah","49","2021","2021","Other bacterial diseases","A30-A49",239,3337975,7.2,8.2
,"Census Region 4: West","CENS-R4","Utah","49","2021","2021","Renal failure","N17-N19",243,3337975,7.3,8.3
"Total","Census Region 4: West","CENS-R4","Utah","49","2021","2021",,,482,3337975,14.4,16.5
,"Census Region 4: West","CENS-R4","Utah","49","2022","2022","Other bacterial diseases","A30-A49",221,3380800,6.5,7.3
,"Census Region 4: West","CENS-R4","Utah","49","2022","2022","Renal failure","N17-N19",222,3380800,6.6,7.3
"Total","Census Region 4: West","CENS-R4","Utah","49","2022","2022",,,443,3380800,13.1,14.6
,"Census Region 4: West","CENS-R4","Utah","49","2023","2023","Other bacterial diseases","A30-A49",222,3417734,6.5,7.2
,"Census Region 4: West","CENS-R4","Utah","49","2023","2023","Renal failure","N17-N19",223,3417734,6.5,7.3
"Total","Census Region 4: West","CENS-R4","Utah","49","2023","2023",,,445,3417734,13.0,14.5
,"Census Region 4: West","CENS-R4","Utah","49","2024 (provisional)","2024","Other bacterial diseases","A30-A49",225,3503613,6.4,7.2
,"Census Region 4: West","CENS-R4","Utah","49","2024 (provisional)","2024","Renal failure","N17-N19",226,3503613,6.5,7.3
"Total","Census Region 4: West","CENS-R4","Utah","49","2024 (provisional)","2024",,,451,3503613,12.9,14.5
,"Census Region 4: West","CENS-R4","Utah","49","2025 (provisional and partial)","2025","Other bacterial diseases","A30-A49",181,3503613,5.2,5.8
,"Census Region 4: West","CENS-R4","Utah","49","2025 (provisional and partial)","2025","Renal failure","N17-N19",184,3503613,5.3,5.9
"Total","Census Region 4: West","CENS-R4","Utah","49","2025 (provisional and partial)","2025",,,365,3503613,10.4,11.7
"Total","Census Region 4: West","CENS-R4","Utah","49",,,,,2912,30264290,9.6,10.8
,"Census Region 4: West","CENS-R4","Wyoming","56","2018","2018","Other bacterial diseases","A30-A49",27,577737,4.7,4.1
,"Census Region 4: West","CENS-R4","Wyoming","56","2018","2018","Renal failure","N17-N19",27,577737,4.7,4.1
"Total","Census Region 4: West","CENS-R4","Wyoming","56","2018","2018",,,54,577737,9.3,8.3
,"Census Region 4: West","CENS-R4","Wyoming","56","2019","2019","Other bacterial diseases","A30-A49",22,578759,3.8,3.3
,"Census Region 4: West","CENS-R4","Wyoming","56","2019","2019","Renal failure","N17-N19",22,578759,3.8,3.3
"Total","Census Region 4: West","CENS-R4","Wyoming","56","2019","2019",,,44,578759,7.6,6.5
,"Census Region 4: West","CENS-R4","Wyoming","56","2020","2020","Other bacterial diseases","A30-A49",30,582328,5.2,3.9
,"Census Region 4: West","CENS-R4","Wyoming","56","2020","2020","Renal failure","N17-N19",30,582328,5.2,3.9
"Total","Census Region 4: West","CENS-R4","Wyoming","56","2020","2020",,,60,582328,10.3,7.8
,"Census Region 4: West","CENS-R4","Wyoming","56","2021","2021","Other bacterial diseases","A30-A49",65,578803,11.2,9.2
,"Census Region 4: West","CENS-R4","Wyoming","56","2021","2021","Renal failure","N17-N19",66,578803,11.4,9.4
"Total","Census Region 4: West","CENS-R4","Wyoming","56","2021","2021",,,131,578803,22.6,18.6
,"Census Region 4: West","CENS-R4","Wyoming","56","2022","2022","Other bacterial diseases","A30-A49",70,581381,12.0,9.2
,"Census Region 4: West","CENS-R4","Wyoming","56","2022","2022","Renal failure","N17-N19",70,581381,12.0,9.2
"Total","Census Region 4: West","CENS-R4","Wyoming","56","2022","2022",,,140,581381,24.1,18.4
,"Census Region 4: West","CENS-R4","Wyoming","56","2023","2023","Other bacterial diseases","A30-A49",82,584057,14.0,11.0
,"Census Region 4: West","CENS-R4","Wyoming","56","2023","2023","Renal failure","N17-N19",84,584057,14.4,11.3
"Total","Census Region 4: West","CENS-R4","Wyoming","56","2023","2023",,,166,584057,28.4,22.3
,"Census Region 4: West","CENS-R4","Wyoming","56","2024 (provisional)","2024","Other bacterial diseases","A30-A49",90,587618,15.3,11.6
,"Census Region 4: West","CENS-R4","Wyoming","56","2024 (provisional)","2024","Renal failure","N17-N19",100,587618,17.0,13.0
"Total","Census Region 4: West","CENS-R4","Wyoming","56","2024 (provisional)","2024",,,190,587618,32.3,24.6
,"Census Region 4: West","CENS-R4","Wyoming","56","2025 (provisional and partial)","2025","Other bacterial diseases","A30-A49",65,587618,11.1,8.6
,"Census Region 4: West","CENS-R4","Wyoming","56","2025 (provisional and partial)","2025","Renal failure","N17-N19",65,587618,11.1,8.6
"Total","Census Region 4: West","CENS-R4","Wyoming","56","2025 (provisional and partial)","2025",,,130,587618,22.1,17.2
"Total","Census Region 4: West","CENS-R4","Wyoming","56",,,,,921,5245919,17.6,13.9
,"Census Region 4: West","CENS-R4","Alaska","02","2018","2018","Other bacterial diseases","A30-A49",11,737438,Unreliable,Unreliable
,"Census Region 4: West","CENS-R4","Alaska","02","2018","2018","Renal failure","N17-N19",11,737438,Unreliable,Unreliable
"Total","Census Region 4: West","CENS-R4","Alaska","02","2018","2018",,,22,737438,3.0,2.8
,"Census Region 4: West","CENS-R4","Alaska","02","2019","2019","Other bacterial diseases","A30-A49",16,731545,Unreliable,Unreliable
,"Census Region 4: West","CENS-R4","Alaska","02","2019","2019","Renal failure","N17-N19",16,731545,Unreliable,Unreliable
"Total","Census Region 4: West","CENS-R4","Alaska","02","2019","2019",,,32,731545,4.4,5.0
,"Census Region 4: West","CENS-R4","Alaska","02","2020","2020","Other bacterial diseases","A30-A49",11,731158,Unreliable,Unreliable
,"Census Region 4: West","CENS-R4","Alaska","02","2020","2020","Renal failure","N17-N19",11,731158,Unreliable,Unreliable
"Total","Census Region 4: West","CENS-R4","Alaska","02","2020","2020",,,22,731158,3.0,2.9
,"Census Region 4: West","CENS-R4","Alaska","02","2021","2021","Other bacterial diseases","A30-A49",30,732673,4.1,4.4
,"Census Region 4: West","CENS-R4","Alaska","02","2021","2021","Renal failure","N17-N19",30,732673,4.1,4.4
"Total","Census Region 4: West","CENS-R4","Alaska","02","2021","2021",,,60,732673,8.2,8.7
,"Census Region 4: West","CENS-R4","Alaska","02","2022","2022","Other bacterial diseases","A30-A49",57,733583,7.8,8.1
,"Census Region 4: West","CENS-R4","Alaska","02","2022","2022","Renal failure","N17-N19",58,733583,7.9,8.2
"Total","Census Region 4: West","CENS-R4","Alaska","02","2022","2022",,,115,733583,15.7,16.3
,"Census Region 4: West","CENS-R4","Alaska","02","2023","2023","Other bacterial diseases","A30-A49",49,733406,6.7,6.6
,"Census Region 4: West","CENS-R4","Alaska","02","2023","2023","Renal failure","N17-N19",49,733406,6.7,6.6
"Total","Census Region 4: West","CENS-R4","Alaska","02","2023","2023",,,98,733406,13.4,13.3
,"Census Region 4: West","CENS-R4","Alaska","02","2024 (provisional)","2024","Other bacterial diseases","A30-A49",34,740133,4.6,4.4
,"Census Region 4: West","CENS-R4","Alaska","02","2024 (provisional)","2024","Renal failure","N17-N19",34,740133,4.6,4.4
"Total","Census Region 4: West","CENS-R4","Alaska","02","2024 (provisional)","2024",,,68,740133,9.2,8.8
,"Census Region 4: West","CENS-R4","Alaska","02","2025 (provisional and partial)","2025","Other bacterial diseases","A30-A49",52,740133,7.0,7.4
,"Census Region 4: West","CENS-R4","Alaska","02","2025 (provisional and partial)","2025","Renal failure","N17-N19",52,740133,7.0,7.4
"Total","Census Region 4: West","CENS-R4","Alaska","02","2025 (provisional and partial)","2025",,,104,740133,14.1,14.8
"Total","Census Region 4: West","CENS-R4","Alaska","02",,,,,523,6620202,7.9,8.2
,"Census Region 4: West","CENS-R4","California","06","2018","2018","Other bacterial diseases","A30-A49",2404,39557045,6.1,5.4
,"Census Region 4: West","CENS-R4","California","06","2018","2018","Renal failure","N17-N19",2442,39557045,6.2,5.5
"Total","Census Region 4: West","CENS-R4","California","06","2018","2018",,,4846,39557045,12.3,11.0
,"Census Region 4: West","CENS-R4","California","06","2019","2019","Other bacterial diseases","A30-A49",2463,39512223,6.2,5.5
,"Census Region 4: West","CENS-R4","California","06","2019","2019","Renal failure","N17-N19",2506,39512223,6.3,5.6
"Total","Census Region 4: West","CENS-R4","California","06","2019","2019",,,4969,39512223,12.6,11.1
,"Census Region 4: West","CENS-R4","California","06","2020","2020","Other bacterial diseases","A30-A49",3133,39368078,8.0,6.8
,"Census Region 4: West","CENS-R4","California","06","2020","2020","Renal failure","N17-N19",3176,39368078,8.1,6.9
"Total","Census Region 4: West","CENS-R4","California","06","2020","2020",,,6309,39368078,16.0,13.8
,"Census Region 4: West","CENS-R4","California","06","2021","2021","Other bacterial diseases","A30-A49",4921,39237836,12.5,11.0
,"Census Region 4: West","CENS-R4","California","06","2021","2021","Renal failure","N17-N19",4998,39237836,12.7,11.2
"Total","Census Region 4: West","CENS-R4","California","06","2021","2021",,,9919,39237836,25.3,22.1
,"Census Region 4: West","CENS-R4","California","06","2022","2022","Other bacterial diseases","A30-A49",4677,39029342,12.0,10.1
,"Census Region 4: West","CENS-R4","California","06","2022","2022","Renal failure","N17-N19",4737,39029342,12.1,10.3
"Total","Census Region 4: West","CENS-R4","California","06","2022","2022",,,9414,39029342,24.1,20.4
,"Census Region 4: West","CENS-R4","California","06","2023","2023","Other bacterial diseases","A30-A49",4542,38965193,11.7,9.8
,"Census Region 4: West","CENS-R4","California","06","2023","2023","Renal failure","N17-N19",4602,38965193,11.8,9.9
"Total","Census Region 4: West","CENS-R4","California","06","2023","2023",,,9144,38965193,23.5,19.7
,"Census Region 4: West","CENS-R4","California","06","2024 (provisional)","2024","Other bacterial diseases","A30-A49",4309,39431263,10.9,9.0
,"Census Region 4: West","CENS-R4","California","06","2024 (provisional)","2024","Renal failure","N17-N19",4370,39431263,11.1,9.2
"Total","Census Region 4: West","CENS-R4","California","06","2024 (provisional)","2024",,,8679,39431263,22.0,18.2
,"Census Region 4: West","CENS-R4","California","06","2025 (provisional and partial)","2025","Other bacterial diseases","A30-A49",4214,39431263,10.7,8.8
,"Census Region 4: West","CENS-R4","California","06","2025 (provisional and partial)","2025","Renal failure","N17-N19",4277,39431263,10.8,9.0
"Total","Census Region 4: West","CENS-R4","California","06","2025 (provisional and partial)","2025",,,8491,39431263,21.5,17.8
,"Census Region 4: West","CENS-R4","California","06","2026 (provisional and partial)","2026","Other bacterial diseases","A30-A49",237,39431263,0.6,0.5
,"Census Region 4: West","CENS-R4","California","06","2026 (provisional and partial)","2026","Renal failure","N17-N19",239,39431263,0.6,0.5
"Total","Census Region 4: West","CENS-R4","California","06","2026 (provisional and partial)","2026",,,476,39431263,1.2,1.0
"Total","Census Region 4: West","CENS-R4","California","06",,,,,62247,353963506,17.6,15.0
,"Census Region 4: West","CENS-R4","Hawaii","15","2018","2018","Other bacterial diseases","A30-A49",48,1420491,3.4,2.5
,"Census Region 4: West","CENS-R4","Hawaii","15","2018","2018","Renal failure","N17-N19",48,1420491,3.4,2.5
"Total","Census Region 4: West","CENS-R4","Hawaii","15","2018","2018",,,96,1420491,6.8,5.0
,"Census Region 4: West","CENS-R4","Hawaii","15","2019","2019","Other bacterial diseases","A30-A49",49,1415872,3.5,2.6
,"Census Region 4: West","CENS-R4","Hawaii","15","2019","2019","Renal failure","N17-N19",49,1415872,3.5,2.6
"Total","Census Region 4: West","CENS-R4","Hawaii","15","2019","2019",,,98,1415872,6.9,5.2
,"Census Region 4: West","CENS-R4","Hawaii","15","2020","2020","Other bacterial diseases","A30-A49",59,1407006,4.2,2.9
,"Census Region 4: West","CENS-R4","Hawaii","15","2020","2020","Renal failure","N17-N19",59,1407006,4.2,2.9
"Total","Census Region 4: West","CENS-R4","Hawaii","15","2020","2020",,,118,1407006,8.4,5.9
,"Census Region 4: West","CENS-R4","Hawaii","15","2021","2021","Other bacterial diseases","A30-A49",101,1441553,7.0,5.2
,"Census Region 4: West","CENS-R4","Hawaii","15","2021","2021","Renal failure","N17-N19",101,1441553,7.0,5.2
"Total","Census Region 4: West","CENS-R4","Hawaii","15","2021","2021",,,202,1441553,14.0,10.3
,"Census Region 4: West","CENS-R4","Hawaii","15","2022","2022","Other bacterial diseases","A30-A49",110,1440196,7.6,5.5
,"Census Region 4: West","CENS-R4","Hawaii","15","2022","2022","Renal failure","N17-N19",111,1440196,7.7,5.5
"Total","Census Region 4: West","CENS-R4","Hawaii","15","2022","2022",,,221,1440196,15.3,11.1
,"Census Region 4: West","CENS-R4","Hawaii","15","2023","2023","Other bacterial diseases","A30-A49",111,1435138,7.7,5.4
,"Census Region 4: West","CENS-R4","Hawaii","15","2023","2023","Renal failure","N17-N19",112,1435138,7.8,5.4
"Total","Census Region 4: West","CENS-R4","Hawaii","15","2023","2023",,,223,1435138,15.5,10.8
,"Census Region 4: West","CENS-R4","Hawaii","15","2024 (provisional)","2024","Other bacterial diseases","A30-A49",103,1446146,7.1,4.6
,"Census Region 4: West","CENS-R4","Hawaii","15","2024 (provisional)","2024","Renal failure","N17-N19",105,1446146,7.3,4.7
"Total","Census Region 4: West","CENS-R4","Hawaii","15","2024 (provisional)","2024",,,208,1446146,14.4,9.4
,"Census Region 4: West","CENS-R4","Hawaii","15","2025 (provisional and partial)","2025","Other bacterial diseases","A30-A49",98,1446146,6.8,4.7
,"Census Region 4: West","CENS-R4","Hawaii","15","2025 (provisional and partial)","2025","Renal failure","N17-N19",98,1446146,6.8,4.7
"Total","Census Region 4: West","CENS-R4","Hawaii","15","2025 (provisional and partial)","2025",,,196,1446146,13.6,9.4
"Total","Census Region 4: West","CENS-R4","Hawaii","15","2026 (provisional and partial)","2026",,,10,1446146,Unreliable,Unreliable
"Total","Census Region 4: West","CENS-R4","Hawaii","15",,,,,1372,12898694,10.6,7.5
,"Census Region 4: West","CENS-R4","Oregon","41","2018","2018","Other bacterial diseases","A30-A49",233,4190713,5.6,4.4
,"Census Region 4: West","CENS-R4","Oregon","41","2018","2018","Renal failure","N17-N19",237,4190713,5.7,4.5
"Total","Census Region 4: West","CENS-R4","Oregon","41","2018","2018",,,470,4190713,11.2,8.9
,"Census Region 4: West","CENS-R4","Oregon","41","2019","2019","Other bacterial diseases","A30-A49",229,4217737,5.4,4.3
,"Census Region 4: West","CENS-R4","Oregon","41","2019","2019","Renal failure","N17-N19",234,4217737,5.5,4.4
"Total","Census Region 4: West","CENS-R4","Oregon","41","2019","2019",,,463,4217737,11.0,8.7
,"Census Region 4: West","CENS-R4","Oregon","41","2020","2020","Other bacterial diseases","A30-A49",225,4241507,5.3,4.1
,"Census Region 4: West","CENS-R4","Oregon","41","2020","2020","Renal failure","N17-N19",227,4241507,5.4,4.1
"Total","Census Region 4: West","CENS-R4","Oregon","41","2020","2020",,,452,4241507,10.7,8.2
,"Census Region 4: West","CENS-R4","Oregon","41","2021","2021","Other bacterial diseases","A30-A49",355,4246155,8.4,6.6
,"Census Region 4: West","CENS-R4","Oregon","41","2021","2021","Renal failure","N17-N19",358,4246155,8.4,6.7
"Total","Census Region 4: West","CENS-R4","Oregon","41","2021","2021",,,713,4246155,16.8,13.3
,"Census Region 4: West","CENS-R4","Oregon","41","2022","2022","Other bacterial diseases","A30-A49",396,4240137,9.3,7.0
,"Census Region 4: West","CENS-R4","Oregon","41","2022","2022","Renal failure","N17-N19",400,4240137,9.4,7.0
"Total","Census Region 4: West","CENS-R4","Oregon","41","2022","2022",,,796,4240137,18.8,14.0
,"Census Region 4: West","CENS-R4","Oregon","41","2023","2023","Other bacterial diseases","A30-A49",389,4233358,9.2,6.9
,"Census Region 4: West","CENS-R4","Oregon","41","2023","2023","Renal failure","N17-N19",391,4233358,9.2,7.0
"Total","Census Region 4: West","CENS-R4","Oregon","41","2023","2023",,,780,4233358,18.4,13.9
,"Census Region 4: West","CENS-R4","Oregon","41","2024 (provisional)","2024","Other bacterial diseases","A30-A49",407,4272371,9.5,6.9
,"Census Region 4: West","CENS-R4","Oregon","41","2024 (provisional)","2024","Renal failure","N17-N19",421,4272371,9.9,7.1
"Total","Census Region 4: West","CENS-R4","Oregon","41","2024 (provisional)","2024",,,828,4272371,19.4,14.0
,"Census Region 4: West","CENS-R4","Oregon","41","2025 (provisional and partial)","2025","Other bacterial diseases","A30-A49",405,4272371,9.5,6.9
,"Census Region 4: West","CENS-R4","Oregon","41","2025 (provisional and partial)","2025","Renal failure","N17-N19",417,4272371,9.8,7.2
"Total","Census Region 4: West","CENS-R4","Oregon","41","2025 (provisional and partial)","2025",,,822,4272371,19.2,14.1
,"Census Region 4: West","CENS-R4","Oregon","41","2026 (provisional and partial)","2026","Other bacterial diseases","A30-A49",21,4272371,0.5,0.4
,"Census Region 4: West","CENS-R4","Oregon","41","2026 (provisional and partial)","2026","Renal failure","N17-N19",22,4272371,0.5,0.4
"Total","Census Region 4: West","CENS-R4","Oregon","41","2026 (provisional and partial)","2026",,,43,4272371,1.0,0.7
"Total","Census Region 4: West","CENS-R4","Oregon","41",,,,,5367,38186720,14.1,10.6
,"Census Region 4: West","CENS-R4","Washington","53","2018","2018","Other bacterial diseases","A30-A49",426,7535591,5.7,5.0
,"Census Region 4: West","CENS-R4","Washington","53","2018","2018","Renal failure","N17-N19",429,7535591,5.7,5.0
"Total","Census Region 4: West","CENS-R4","Washington","53","2018","2018",,,855,7535591,11.3,10.1
,"Census Region 4: West","CENS-R4","Washington","53","2019","2019","Other bacterial diseases","A30-A49",410,7614893,5.4,4.6
,"Census Region 4: West","CENS-R4","Washington","53","2019","2019","Renal failure","N17-N19",414,7614893,5.4,4.6
"Total","Census Region 4: West","CENS-R4","Washington","53","2019","2019",,,824,7614893,10.8,9.2
,"Census Region 4: West","CENS-R4","Washington","53","2020","2020","Other bacterial diseases","A30-A49",534,7693612,6.9,5.9
,"Census Region 4: West","CENS-R4","Washington","53","2020","2020","Renal failure","N17-N19",539,7693612,7.0,6.0
"Total","Census Region 4: West","CENS-R4","Washington","53","2020","2020",,,1073,7693612,13.9,11.9
,"Census Region 4: West","CENS-R4","Washington","53","2021","2021","Other bacterial diseases","A30-A49",826,7738692,10.7,9.2
,"Census Region 4: West","CENS-R4","Washington","53","2021","2021","Renal failure","N17-N19",835,7738692,10.8,9.3
"Total","Census Region 4: West","CENS-R4","Washington","53","2021","2021",,,1661,7738692,21.5,18.5
,"Census Region 4: West","CENS-R4","Washington","53","2022","2022","Other bacterial diseases","A30-A49",1047,7785786,13.4,11.2
,"Census Region 4: West","CENS-R4","Washington","53","2022","2022","Renal failure","N17-N19",1064,7785786,13.7,11.4
"Total","Census Region 4: West","CENS-R4","Washington","53","2022","2022",,,2111,7785786,27.1,22.5
,"Census Region 4: West","CENS-R4","Washington","53","2023","2023","Other bacterial diseases","A30-A49",973,7812880,12.5,10.3
,"Census Region 4: West","CENS-R4","Washington","53","2023","2023","Renal failure","N17-N19",988,7812880,12.6,10.4
"Total","Census Region 4: West","CENS-R4","Washington","53","2023","2023",,,1961,7812880,25.1,20.7
,"Census Region 4: West","CENS-R4","Washington","53","2024 (provisional)","2024","Other bacterial diseases","A30-A49",905,7958180,11.4,9.3
,"Census Region 4: West","CENS-R4","Washington","53","2024 (provisional)","2024","Renal failure","N17-N19",918,7958180,11.5,9.4
"Total","Census Region 4: West","CENS-R4","Washington","53","2024 (provisional)","2024",,,1823,7958180,22.9,18.7
,"Census Region 4: West","CENS-R4","Washington","53","2025 (provisional and partial)","2025","Other bacterial diseases","A30-A49",947,7958180,11.9,9.7
,"Census Region 4: West","CENS-R4","Washington","53","2025 (provisional and partial)","2025","Renal failure","N17-N19",956,7958180,12.0,9.8
"Total","Census Region 4: West","CENS-R4","Washington","53","2025 (provisional and partial)","2025",,,1903,7958180,23.9,19.5
,"Census Region 4: West","CENS-R4","Washington","53","2026 (provisional and partial)","2026","Other bacterial diseases","A30-A49",44,7958180,0.6,0.4
,"Census Region 4: West","CENS-R4","Washington","53","2026 (provisional and partial)","2026","Renal failure","N17-N19",44,7958180,0.6,0.4
"Total","Census Region 4: West","CENS-R4","Washington","53","2026 (provisional and partial)","2026",,,88,7958180,1.1,0.9
"Total","Census Region 4: West","CENS-R4","Washington","53",,,,,12299,70055994,17.6,14.7
"Total","Census Region 4: West","CENS-R4",,,,,,,113081,711350318,15.9,13.3
"Total",,,,,,,,,489088,3005320241,16.3,13.0
"---"
"Dataset: Provisional Mortality Statistics, 2018 through Last Week"
"Query Parameters:"
"MCD - ICD-10 Codes: N17.0 (Acute renal failure with tubular necrosis); N17.1 (Acute renal failure with acute cortical necrosis);"
"N17.2 (Acute renal failure with medullary necrosis); N17.8 (Other acute renal failure); N17.9 (Acute renal failure, unspecified)"
"MCD - ICD-10 Codes: AND"
"MCD - ICD-10 Codes: A40.0 (Septicaemia due to streptococcus, group A); A40.1 (Septicaemia due to streptococcus, group B); A40.2"
"(Septicaemia due to streptococcus, group D); A40.3 (Septicaemia due to Streptococcus pneumoniae); A40.8 (Other streptococcal"
"septicaemia); A40.9 (Streptococcal septicaemia, unspecified); A41.0 (Septicaemia due to Staphylococcus aureus); A41.1"
"(Septicaemia due to other specified staphylococcus); A41.2 (Septicaemia due to unspecified staphylococcus); A41.3 (Septicaemia"
"due to Haemophilus influenzae); A41.4 (Septicaemia due to anaerobes); A41.5 (Septicaemia due to other Gram-negative organisms);"
"A41.8 (Other specified septicaemia); A41.9 (Septicaemia, unspecified)"
"Group By: Residence Census Region; Residence State; Year; MCD - ICD Sub-Chapter"
"Show Totals: True"
"Show Zero Values: False"
"Show Suppressed: False"
"Standard Population: 2000 U.S. Std. Population"
"Calculate Rates Per: 100,000"
"Rate Options: Default intercensal populations for years 2001-2009 (except Infant Age Groups)"
"---"
"Help: See http://wonder.cdc.gov/wonder/help/mcd-provisional.html for more information."
"---"
"Query Date: Feb 8, 2026 6:10:08 PM"
"---"
"Suggested Citation: Centers for Disease Control and Prevention, National Center for Health Statistics. National Vital Statistics"
"System, Provisional Mortality on CDC WONDER Online Database. Data are from the final Multiple Cause of Death Files, 2018-2023,"
"and from provisional data for years 2024 and later, as compiled from data provided by the 57 vital statistics jurisdictions"
"through the Vital Statistics Cooperative Program. Accessed at http://wonder.cdc.gov/mcd-icd10-provisional.html on Feb 8, 2026"
"6:10:08 PM"
"---"
Messages:
"1. Rows with zero Deaths are hidden, but the Population values in those rows are included in the totals. Use Quick Options above"
"to show zero rows."
"2. Rows with suppressed Deaths are hidden, but the Deaths and Population values in those rows are included in the totals. Use"
"Quick Options above to show suppressed rows."
"---"
Footnotes:
"1. Totals and sub-totals show the frequency of the selected causes of death, which may be greater than the number of deaths."
"Note that any single death record may have up to 20 causes. More information."
"---"
Caveats:
"1. These items in the results table are not fully selected: Other bacterial diseases, Renal failure. The Query Description lists"
"the actual values selected."
"2. Data are Suppressed when the data meet the criteria for confidentiality constraints. More information:"
"http://wonder.cdc.gov/wonder/help/mcd-provisional.html#Assurance of Confidentiality."
"3. Death rates are flagged as Unreliable when the rate is calculated with a numerator of 20 or less. More information:"
"http://wonder.cdc.gov/wonder/help/mcd-provisional.html#Unreliable."
"4. The populations used to calculate standard age-adjusted rates are documented here: More information:"
"http://wonder.cdc.gov/wonder/help/mcd-provisional.html#2000 Standard Population."
"5. The method used to calculate age-adjusted rates is documented here: More information:"
"http://wonder.cdc.gov/wonder/help/mcd-provisional.html#Age-Adjusted Rates."
"6. Deaths for persons of unknown age are included in counts and crude rates, but are not included in age-adjusted rates."
"7. The population estimates for years 2022 - 2026 are from separate series of estimates based on the Modified Blended Base"
"produced by the US Census Bureau in lieu of the April 1, 2020 decennial population count. The Modified Blended Base consists of"
"the blend of Vintage 2020 postcensal population estimates for April 1, 2020, 2020 Demographic Analysis Estimates, and 2020"
"Census data from the internal Census Edited File (CEF). Each subsequent series of estimates adjusts the methodology."" The"
"population figures for years 2024 and later are single-race estimates of the July 1 resident population, from the Vintage 2024"
"postcensal series released by the Census Bureau on June 26, 2025. The population figures for year 2023 are single-race estimates"
"of the July 1 resident population, from the Vintage 2023 postcensal series released by the Census Bureau on June 27, 2024. T The"
"population figures for year 2022 are single-race estimates of the July 1 resident population, from the Vintage 2022 postcensal"
"series released by the Census Bureau on June 22, 2023. The population figures for year 2021 are single-race estimates of the"
"July 1 resident population, based on the Blended Base produced by the US Census Bureau in lieu of the April 1, 2020 decennial"
"population count, from the Vintage 2021 postcensal series released by the Census Bureau on June 30, 2022. The population figures"
"for year 2020 are single-race estimates of the July 1 resident population, from the Vintage 2020 postcensal series based on"
"April 2010 Census, released by the Census Bureau on July 27, 2021. The population figures for year 2019 are single-race"
"estimates of the July 1 resident population, from the Vintage 2019 postcensal series based on April 2010 Census, released by the"
"Census Bureau on June 25, 2020. The population figures for year 2018 are single-race estimates of the July 1 resident"
"population, from the Vintage 2018 postcensal series based on April 2010 Census, released by the Census Bureau on June 20, 2019."
"More information: http://wonder.cdc.gov/wonder/help/mcd-provisional.html#Population Data."
"8. The population figures used in the calculation of death rates for the age group 'under 1 year' are the estimates of the"
"resident population that is under one year of age. More information: http://wonder.cdc.gov/wonder/help/mcd-provisional.html#Age"
"Group."
"9. Beginning with the 2018 data, changes have been implemented that affect the counts for ICD-10 cause of death codes O00-O99"
"compared to previous practice. In addition, data for the cause of death codes O00-O99 for 2003 through 2017 reflect differences"
"in information available to individual states and probable errors. Deaths with the underlying cause classified with O00-O99 are"
"subject to further processing before these deaths records are considered final. Provisional deaths have not undergone full"
"processing and review and therefore should not be considered final for statistical purposes. Caution should be used in"
"interpreting these data. More information can be found at: https://www.cdc.gov/nchs/maternal-mortality/."
"10. On March 11, 2021, the 2019 mortality data on CDC WONDER was updated with the 2019 mortality data updated by NCHS on March"
"4, 2021 to include corrected information for residents of Texas affecting 5 records previously coded to cause code *U01.4,"
"Terrorism involving firearms (homicide). The underlying and multiple cause of death codes for 5 records were corrected in the"
"2019 data. Underlying and multiple cause of death codes for those 5 records were recoded to Assault (homicide) by other and"
"unspecified firearm discharge, ICD-10 code X95. The corrected final death records replaces the data released on December 22,"
"2020."
"11. Connecticut population estimates for 2022 and later years are reported for 9 planning regions as county equivalent areas,"
"instead of the former 8 legacy counties in the Vintage 2022 postcensal series released by the Census Bureau on June 22, 2023,"
"and in the Vintage 2023 postcensal series released by the Census Bureau on June 27, 2024. Populations estimates for the former"
"counties are not available for 2022 and later years. More information:"
"http://wonder.cdc.gov/wonder/help/mcd-provisional.html#Connecticut-2022."
"12. After the creation of the final 2023 dataset, North Carolina updated the cause of death information for over 900 death"
"certificates to include a cause of death code indicating drug overdose (ICD-10 underlying cause-of-death codes: X40-X44,"
"X60-X64, X85, and Y10-Y14). Jurisdictions can continue to update death certificates after the closing of the mortality file. As"
"a result, users should consider that the actual death count for drug overdose deaths for North Carolina in 2023 is over 4,400"
"deaths, with a crude rate of approximately 41.0 per 100,000 population, and an age-adjusted rate of approximately 42.1 per"
"100,000 population. These deaths will not be updated on the final mortality datasets."
"13. Changes to cause of death classification affect reporting trends. More information:"
"http://wonder.cdc.gov/wonder/help/mcd-provisional.html#ICD-10 Changes."
"14. Deaths related to external causes of injury or sudden death: In the provisional mortality data, causes of death classified"
"as external causes of injury (ICD-10 codes V01-Y89), sudden deaths (ICD-10 codes R95 and R96), or drug poisoning (ICD-10 codes"
"T36-T50), have the cause of death labeled as 'Data not shown due to 6 month lag to account for delays in death certificate"
"completion for certain causes of death.' For these deaths occurring 24 weeks prior to the final date in the provisional data,"
"the number of deaths and related statistics are not available by specific cause of death for ICD-10 codes V01-Y89, R95, R96, or"
"T36-T50. More information: http://wonder.cdc.gov/wonder/help/mcd-provisional.html#999."
"15. Deaths occurring through January 24, 2026 as of February 01, 2026."